"subject","game","choice"
1,"ac_1",1
1,"ac_2",3
1,"ac_3",3
1,"ac_4",1
1,"ac_5",2
1,"ac_6",3
1,"ac_7",3
1,"ac_8",3
1,"ac_9",3
1,"ac_10",3
2,"ac_1",3
2,"ac_2",1
2,"ac_3",1
2,"ac_4",1
2,"ac_5",1
2,"ac_6",1
2,"ac_7",3
2,"ac_8",3
2,"ac_9",1
2,"ac_10",3
3,"ac_1",1
3,"ac_2",1
3,"ac_3",1
3,"ac_4",1
3,"ac_5",1
3,"ac_6",3
3,"ac_7",3
3,"ac_8",3
3,"ac_9",3
3,"ac_10",3
4,"ac_1",1
4,"ac_2",3
4,"ac_3",3
4,"ac_4",2
4,"ac_5",2
4,"ac_6",2
4,"ac_7",1
4,"ac_8",2
4,"ac_9",3
4,"ac_10",3
5,"ac_1",3
5,"ac_2",3
5,"ac_3",1
5,"ac_4",1
5,"ac_5",3
5,"ac_6",3
5,"ac_7",3
5,"ac_8",3
5,"ac_9",3
5,"ac_10",3
6,"ac_1",3
6,"ac_2",2
6,"ac_3",1
6,"ac_4",3
6,"ac_5",2
6,"ac_6",1
6,"ac_7",1
6,"ac_8",1
6,"ac_9",2
6,"ac_10",1
7,"ac_1",1
7,"ac_2",1
7,"ac_3",1
7,"ac_4",1
7,"ac_5",1
7,"ac_6",3
7,"ac_7",1
7,"ac_8",3
7,"ac_9",3
7,"ac_10",3
8,"ac_1",3
8,"ac_2",1
8,"ac_3",1
8,"ac_4",2
8,"ac_5",1
8,"ac_6",3
8,"ac_7",2
8,"ac_8",3
8,"ac_9",3
8,"ac_10",3
9,"ac_1",3
9,"ac_2",3
9,"ac_3",1
9,"ac_4",3
9,"ac_5",3
9,"ac_6",3
9,"ac_7",3
9,"ac_8",3
9,"ac_9",1
9,"ac_10",1
10,"ac_1",3
10,"ac_2",3
10,"ac_3",3
10,"ac_4",1
10,"ac_5",1
10,"ac_6",3
10,"ac_7",3
10,"ac_8",3
10,"ac_9",3
10,"ac_10",3
11,"ac_1",1
11,"ac_2",1
11,"ac_3",3
11,"ac_4",3
11,"ac_5",3
11,"ac_6",3
11,"ac_7",3
11,"ac_8",1
11,"ac_9",2
11,"ac_10",3
12,"ac_1",3
12,"ac_2",1
12,"ac_3",3
12,"ac_4",1
12,"ac_5",1
12,"ac_6",1
12,"ac_7",3
12,"ac_8",1
12,"ac_9",3
12,"ac_10",3
13,"ac_1",3
13,"ac_2",1
13,"ac_3",2
13,"ac_4",3
13,"ac_5",1
13,"ac_6",3
13,"ac_7",3
13,"ac_8",3
13,"ac_9",1
13,"ac_10",1
14,"ac_1",3
14,"ac_2",3
14,"ac_3",3
14,"ac_4",2
14,"ac_5",2
14,"ac_6",3
14,"ac_7",1
14,"ac_8",3
14,"ac_9",1
14,"ac_10",3
15,"ac_1",1
15,"ac_2",1
15,"ac_3",1
15,"ac_4",1
15,"ac_5",2
15,"ac_6",1
15,"ac_7",3
15,"ac_8",1
15,"ac_9",1
15,"ac_10",1
16,"ac_1",3
16,"ac_2",3
16,"ac_3",1
16,"ac_4",3
16,"ac_5",3
16,"ac_6",3
16,"ac_7",3
16,"ac_8",1
16,"ac_9",3
16,"ac_10",3
17,"ac_1",3
17,"ac_2",2
17,"ac_3",2
17,"ac_4",2
17,"ac_5",2
17,"ac_6",3
17,"ac_7",2
17,"ac_8",3
17,"ac_9",3
17,"ac_10",3
18,"ac_1",1
18,"ac_2",2
18,"ac_3",1
18,"ac_4",1
18,"ac_5",1
18,"ac_6",3
18,"ac_7",3
18,"ac_8",1
18,"ac_9",3
18,"ac_10",1
19,"ac_1",2
19,"ac_2",1
19,"ac_3",2
19,"ac_4",3
19,"ac_5",1
19,"ac_6",3
19,"ac_7",1
19,"ac_8",3
19,"ac_9",2
19,"ac_10",1
20,"ac_1",1
20,"ac_2",3
20,"ac_3",2
20,"ac_4",2
20,"ac_5",2
20,"ac_6",2
20,"ac_7",3
20,"ac_8",1
20,"ac_9",3
20,"ac_10",3
21,"ac_1",2
21,"ac_2",1
21,"ac_3",1
21,"ac_4",1
21,"ac_5",2
21,"ac_6",3
21,"ac_7",3
21,"ac_8",2
21,"ac_9",3
21,"ac_10",1
22,"ac_1",3
22,"ac_2",3
22,"ac_3",3
22,"ac_4",3
22,"ac_5",3
22,"ac_6",3
22,"ac_7",3
22,"ac_8",3
22,"ac_9",3
22,"ac_10",3
23,"ac_1",3
23,"ac_2",1
23,"ac_3",1
23,"ac_4",1
23,"ac_5",1
23,"ac_6",3
23,"ac_7",3
23,"ac_8",3
23,"ac_9",3
23,"ac_10",3
24,"ac_1",2
24,"ac_2",3
24,"ac_3",3
24,"ac_4",1
24,"ac_5",1
24,"ac_6",1
24,"ac_7",1
24,"ac_8",2
24,"ac_9",3
24,"ac_10",1
25,"ac_1",1
25,"ac_2",1
25,"ac_3",3
25,"ac_4",2
25,"ac_5",1
25,"ac_6",3
25,"ac_7",3
25,"ac_8",1
25,"ac_9",3
25,"ac_10",3
26,"ac_1",3
26,"ac_2",3
26,"ac_3",3
26,"ac_4",3
26,"ac_5",3
26,"ac_6",3
26,"ac_7",3
26,"ac_8",3
26,"ac_9",1
26,"ac_10",3
27,"ac_1",3
27,"ac_2",1
27,"ac_3",1
27,"ac_4",1
27,"ac_5",1
27,"ac_6",3
27,"ac_7",1
27,"ac_8",3
27,"ac_9",2
27,"ac_10",3
28,"ac_1",3
28,"ac_2",1
28,"ac_3",2
28,"ac_4",2
28,"ac_5",2
28,"ac_6",3
28,"ac_7",3
28,"ac_8",3
28,"ac_9",3
28,"ac_10",3
29,"ac_1",1
29,"ac_2",1
29,"ac_3",1
29,"ac_4",1
29,"ac_5",1
29,"ac_6",1
29,"ac_7",1
29,"ac_8",1
29,"ac_9",1
29,"ac_10",1
30,"ac_1",3
30,"ac_2",3
30,"ac_3",1
30,"ac_4",1
30,"ac_5",2
30,"ac_6",3
30,"ac_7",3
30,"ac_8",3
30,"ac_9",3
30,"ac_10",3
31,"ac_1",3
31,"ac_2",3
31,"ac_3",1
31,"ac_4",1
31,"ac_5",1
31,"ac_6",3
31,"ac_7",3
31,"ac_8",3
31,"ac_9",3
31,"ac_10",3
32,"ac_1",1
32,"ac_2",3
32,"ac_3",3
32,"ac_4",2
32,"ac_5",3
32,"ac_6",3
32,"ac_7",3
32,"ac_8",3
32,"ac_9",1
32,"ac_10",3
33,"ac_1",3
33,"ac_2",1
33,"ac_3",1
33,"ac_4",1
33,"ac_5",1
33,"ac_6",1
33,"ac_7",1
33,"ac_8",1
33,"ac_9",1
33,"ac_10",1
34,"ac_1",1
34,"ac_2",1
34,"ac_3",2
34,"ac_4",1
34,"ac_5",2
34,"ac_6",3
34,"ac_7",1
34,"ac_8",1
34,"ac_9",1
34,"ac_10",3
35,"ac_1",2
35,"ac_2",1
35,"ac_3",3
35,"ac_4",3
35,"ac_5",1
35,"ac_6",3
35,"ac_7",1
35,"ac_8",3
35,"ac_9",1
35,"ac_10",1
36,"ac_1",1
36,"ac_2",2
36,"ac_3",2
36,"ac_4",2
36,"ac_5",2
36,"ac_6",3
36,"ac_7",3
36,"ac_8",3
36,"ac_9",2
36,"ac_10",3
37,"ac_1",3
37,"ac_2",1
37,"ac_3",1
37,"ac_4",1
37,"ac_5",2
37,"ac_6",2
37,"ac_7",2
37,"ac_8",1
37,"ac_9",1
37,"ac_10",3
38,"ac_1",1
38,"ac_2",2
38,"ac_3",2
38,"ac_4",1
38,"ac_5",1
38,"ac_6",1
38,"ac_7",1
38,"ac_8",2
38,"ac_9",1
38,"ac_10",2
39,"ac_1",2
39,"ac_2",2
39,"ac_3",1
39,"ac_4",2
39,"ac_5",2
39,"ac_6",1
39,"ac_7",1
39,"ac_8",1
39,"ac_9",2
39,"ac_10",3
40,"ac_1",3
40,"ac_2",3
40,"ac_3",1
40,"ac_4",1
40,"ac_5",2
40,"ac_6",1
40,"ac_7",3
40,"ac_8",1
40,"ac_9",1
40,"ac_10",3
41,"ac_1",3
41,"ac_2",1
41,"ac_3",1
41,"ac_4",1
41,"ac_5",1
41,"ac_6",3
41,"ac_7",3
41,"ac_8",3
41,"ac_9",3
41,"ac_10",3
42,"ac_1",2
42,"ac_2",1
42,"ac_3",2
42,"ac_4",1
42,"ac_5",1
42,"ac_6",2
42,"ac_7",1
42,"ac_8",2
42,"ac_9",1
42,"ac_10",3
43,"ac_1",1
43,"ac_2",3
43,"ac_3",3
43,"ac_4",3
43,"ac_5",3
43,"ac_6",3
43,"ac_7",3
43,"ac_8",3
43,"ac_9",3
43,"ac_10",3
44,"ac_1",1
44,"ac_2",2
44,"ac_3",3
44,"ac_4",2
44,"ac_5",1
44,"ac_6",2
44,"ac_7",2
44,"ac_8",3
44,"ac_9",3
44,"ac_10",3
45,"ac_1",1
45,"ac_2",3
45,"ac_3",1
45,"ac_4",2
45,"ac_5",1
45,"ac_6",3
45,"ac_7",1
45,"ac_8",3
45,"ac_9",1
45,"ac_10",1
46,"ac_1",1
46,"ac_2",1
46,"ac_3",1
46,"ac_4",1
46,"ac_5",1
46,"ac_6",3
46,"ac_7",3
46,"ac_8",3
46,"ac_9",3
46,"ac_10",3
47,"ac_1",2
47,"ac_2",3
47,"ac_3",1
47,"ac_4",1
47,"ac_5",1
47,"ac_6",3
47,"ac_7",3
47,"ac_8",3
47,"ac_9",3
47,"ac_10",3
48,"ac_1",1
48,"ac_2",3
48,"ac_3",3
48,"ac_4",2
48,"ac_5",1
48,"ac_6",2
48,"ac_7",3
48,"ac_8",1
48,"ac_9",1
48,"ac_10",3
49,"ac_1",1
49,"ac_2",1
49,"ac_3",1
49,"ac_4",1
49,"ac_5",1
49,"ac_6",1
49,"ac_7",1
49,"ac_8",1
49,"ac_9",1
49,"ac_10",1
50,"ac_1",3
50,"ac_2",2
50,"ac_3",3
50,"ac_4",1
50,"ac_5",1
50,"ac_6",1
50,"ac_7",1
50,"ac_8",3
50,"ac_9",1
50,"ac_10",3
51,"ac_1",3
51,"ac_2",1
51,"ac_3",2
51,"ac_4",1
51,"ac_5",1
51,"ac_6",3
51,"ac_7",3
51,"ac_8",3
51,"ac_9",1
51,"ac_10",3
52,"ac_1",1
52,"ac_2",1
52,"ac_3",1
52,"ac_4",1
52,"ac_5",3
52,"ac_6",3
52,"ac_7",1
52,"ac_8",3
52,"ac_9",3
52,"ac_10",1
53,"ac_1",3
53,"ac_2",1
53,"ac_3",1
53,"ac_4",1
53,"ac_5",1
53,"ac_6",3
53,"ac_7",3
53,"ac_8",3
53,"ac_9",3
53,"ac_10",3
54,"ac_1",3
54,"ac_2",1
54,"ac_3",1
54,"ac_4",1
54,"ac_5",1
54,"ac_6",1
54,"ac_7",1
54,"ac_8",1
54,"ac_9",1
54,"ac_10",1
55,"ac_1",1
55,"ac_2",3
55,"ac_3",2
55,"ac_4",1
55,"ac_5",2
55,"ac_6",2
55,"ac_7",2
55,"ac_8",1
55,"ac_9",2
55,"ac_10",2
56,"ac_1",3
56,"ac_2",3
56,"ac_3",2
56,"ac_4",1
56,"ac_5",2
56,"ac_6",3
56,"ac_7",2
56,"ac_8",1
56,"ac_9",3
56,"ac_10",3
57,"ac_1",3
57,"ac_2",2
57,"ac_3",1
57,"ac_4",1
57,"ac_5",1
57,"ac_6",1
57,"ac_7",1
57,"ac_8",1
57,"ac_9",1
57,"ac_10",1
58,"ac_1",3
58,"ac_2",2
58,"ac_3",2
58,"ac_4",2
58,"ac_5",2
58,"ac_6",3
58,"ac_7",3
58,"ac_8",3
58,"ac_9",3
58,"ac_10",3
59,"ac_1",1
59,"ac_2",3
59,"ac_3",3
59,"ac_4",3
59,"ac_5",1
59,"ac_6",3
59,"ac_7",1
59,"ac_8",3
59,"ac_9",1
59,"ac_10",3
60,"ac_1",1
60,"ac_2",1
60,"ac_3",1
60,"ac_4",1
60,"ac_5",1
60,"ac_6",1
60,"ac_7",1
60,"ac_8",1
60,"ac_9",1
60,"ac_10",3
61,"ac_1",1
61,"ac_2",1
61,"ac_3",1
61,"ac_4",3
61,"ac_5",1
61,"ac_6",1
61,"ac_7",1
61,"ac_8",3
61,"ac_9",1
61,"ac_10",1
62,"ac_1",3
62,"ac_2",2
62,"ac_3",2
62,"ac_4",1
62,"ac_5",3
62,"ac_6",3
62,"ac_7",3
62,"ac_8",3
62,"ac_9",3
62,"ac_10",3
63,"ac_1",3
63,"ac_2",2
63,"ac_3",2
63,"ac_4",1
63,"ac_5",1
63,"ac_6",3
63,"ac_7",2
63,"ac_8",1
63,"ac_9",2
63,"ac_10",3
64,"ac_1",3
64,"ac_2",3
64,"ac_3",2
64,"ac_4",1
64,"ac_5",1
64,"ac_6",3
64,"ac_7",3
64,"ac_8",3
64,"ac_9",3
64,"ac_10",3
65,"ac_1",3
65,"ac_2",3
65,"ac_3",1
65,"ac_4",3
65,"ac_5",3
65,"ac_6",3
65,"ac_7",3
65,"ac_8",3
65,"ac_9",3
65,"ac_10",3
66,"ac_1",1
66,"ac_2",2
66,"ac_3",2
66,"ac_4",2
66,"ac_5",2
66,"ac_6",3
66,"ac_7",3
66,"ac_8",3
66,"ac_9",3
66,"ac_10",3
67,"ac_1",1
67,"ac_2",3
67,"ac_3",2
67,"ac_4",3
67,"ac_5",3
67,"ac_6",3
67,"ac_7",1
67,"ac_8",1
67,"ac_9",1
67,"ac_10",1
68,"ac_1",2
68,"ac_2",1
68,"ac_3",2
68,"ac_4",1
68,"ac_5",2
68,"ac_6",3
68,"ac_7",1
68,"ac_8",1
68,"ac_9",3
68,"ac_10",3
69,"ac_1",3
69,"ac_2",1
69,"ac_3",1
69,"ac_4",1
69,"ac_5",2
69,"ac_6",3
69,"ac_7",3
69,"ac_8",3
69,"ac_9",3
69,"ac_10",3
70,"ac_1",3
70,"ac_2",2
70,"ac_3",1
70,"ac_4",1
70,"ac_5",1
70,"ac_6",1
70,"ac_7",1
70,"ac_8",1
70,"ac_9",1
70,"ac_10",3
71,"ac_1",3
71,"ac_2",1
71,"ac_3",1
71,"ac_4",3
71,"ac_5",2
71,"ac_6",3
71,"ac_7",1
71,"ac_8",3
71,"ac_9",2
71,"ac_10",2
72,"ac_1",2
72,"ac_2",3
72,"ac_3",2
72,"ac_4",2
72,"ac_5",2
72,"ac_6",3
72,"ac_7",3
72,"ac_8",3
72,"ac_9",3
72,"ac_10",3
73,"ac_1",3
73,"ac_2",1
73,"ac_3",2
73,"ac_4",1
73,"ac_5",1
73,"ac_6",3
73,"ac_7",3
73,"ac_8",3
73,"ac_9",2
73,"ac_10",3
74,"ac_1",3
74,"ac_2",1
74,"ac_3",1
74,"ac_4",1
74,"ac_5",1
74,"ac_6",3
74,"ac_7",3
74,"ac_8",3
74,"ac_9",3
74,"ac_10",3
75,"ac_1",3
75,"ac_2",1
75,"ac_3",1
75,"ac_4",1
75,"ac_5",3
75,"ac_6",3
75,"ac_7",2
75,"ac_8",3
75,"ac_9",3
75,"ac_10",3
76,"ac_1",1
76,"ac_2",1
76,"ac_3",2
76,"ac_4",3
76,"ac_5",3
76,"ac_6",3
76,"ac_7",3
76,"ac_8",3
76,"ac_9",3
76,"ac_10",3
77,"ac_1",2
77,"ac_2",1
77,"ac_3",2
77,"ac_4",1
77,"ac_5",2
77,"ac_6",1
77,"ac_7",2
77,"ac_8",2
77,"ac_9",2
77,"ac_10",2
78,"ac_1",3
78,"ac_2",1
78,"ac_3",1
78,"ac_4",1
78,"ac_5",1
78,"ac_6",3
78,"ac_7",3
78,"ac_8",2
78,"ac_9",3
78,"ac_10",3
79,"ac_1",1
79,"ac_2",3
79,"ac_3",1
79,"ac_4",1
79,"ac_5",1
79,"ac_6",3
79,"ac_7",1
79,"ac_8",3
79,"ac_9",3
79,"ac_10",1
80,"ac_1",1
80,"ac_2",1
80,"ac_3",1
80,"ac_4",1
80,"ac_5",1
80,"ac_6",3
80,"ac_7",1
80,"ac_8",1
80,"ac_9",1
80,"ac_10",3
81,"ac_1",1
81,"ac_2",3
81,"ac_3",2
81,"ac_4",2
81,"ac_5",1
81,"ac_6",1
81,"ac_7",1
81,"ac_8",2
81,"ac_9",2
81,"ac_10",3
82,"ac_1",3
82,"ac_2",1
82,"ac_3",1
82,"ac_4",1
82,"ac_5",1
82,"ac_6",1
82,"ac_7",2
82,"ac_8",2
82,"ac_9",1
82,"ac_10",1
83,"ac_1",2
83,"ac_2",1
83,"ac_3",2
83,"ac_4",1
83,"ac_5",1
83,"ac_6",3
83,"ac_7",3
83,"ac_8",3
83,"ac_9",3
83,"ac_10",3
84,"ac_1",3
84,"ac_2",3
84,"ac_3",3
84,"ac_4",3
84,"ac_5",3
84,"ac_6",3
84,"ac_7",3
84,"ac_8",1
84,"ac_9",3
84,"ac_10",3
85,"ac_1",1
85,"ac_2",1
85,"ac_3",2
85,"ac_4",2
85,"ac_5",2
85,"ac_6",3
85,"ac_7",3
85,"ac_8",3
85,"ac_9",3
85,"ac_10",2
86,"ac_1",3
86,"ac_2",3
86,"ac_3",3
86,"ac_4",3
86,"ac_5",2
86,"ac_6",3
86,"ac_7",3
86,"ac_8",2
86,"ac_9",3
86,"ac_10",2
87,"ac_1",3
87,"ac_2",1
87,"ac_3",3
87,"ac_4",1
87,"ac_5",1
87,"ac_6",3
87,"ac_7",1
87,"ac_8",1
87,"ac_9",1
87,"ac_10",1
88,"ac_1",2
88,"ac_2",1
88,"ac_3",3
88,"ac_4",2
88,"ac_5",2
88,"ac_6",3
88,"ac_7",3
88,"ac_8",3
88,"ac_9",3
88,"ac_10",3
89,"ac_1",2
89,"ac_2",2
89,"ac_3",1
89,"ac_4",1
89,"ac_5",1
89,"ac_6",3
89,"ac_7",1
89,"ac_8",1
89,"ac_9",1
89,"ac_10",1
90,"ac_1",3
90,"ac_2",1
90,"ac_3",2
90,"ac_4",3
90,"ac_5",2
90,"ac_6",2
90,"ac_7",3
90,"ac_8",3
90,"ac_9",3
90,"ac_10",3
91,"ac_1",3
91,"ac_2",2
91,"ac_3",1
91,"ac_4",2
91,"ac_5",3
91,"ac_6",3
91,"ac_7",3
91,"ac_8",2
91,"ac_9",2
91,"ac_10",3
92,"ac_1",3
92,"ac_2",3
92,"ac_3",1
92,"ac_4",2
92,"ac_5",2
92,"ac_6",3
92,"ac_7",1
92,"ac_8",2
92,"ac_9",1
92,"ac_10",3
93,"ac_1",2
93,"ac_2",2
93,"ac_3",1
93,"ac_4",3
93,"ac_5",1
93,"ac_6",3
93,"ac_7",3
93,"ac_8",3
93,"ac_9",1
93,"ac_10",3
94,"ac_1",3
94,"ac_2",1
94,"ac_3",1
94,"ac_4",1
94,"ac_5",1
94,"ac_6",1
94,"ac_7",1
94,"ac_8",1
94,"ac_9",2
94,"ac_10",1
95,"ac_1",1
95,"ac_2",1
95,"ac_3",3
95,"ac_4",3
95,"ac_5",3
95,"ac_6",1
95,"ac_7",3
95,"ac_8",3
95,"ac_9",3
95,"ac_10",3
96,"ac_1",1
96,"ac_2",1
96,"ac_3",1
96,"ac_4",2
96,"ac_5",3
96,"ac_6",3
96,"ac_7",1
96,"ac_8",3
96,"ac_9",1
96,"ac_10",2
97,"ac_1",3
97,"ac_2",1
97,"ac_3",3
97,"ac_4",2
97,"ac_5",2
97,"ac_6",1
97,"ac_7",1
97,"ac_8",1
97,"ac_9",1
97,"ac_10",1
98,"ac_1",3
98,"ac_2",2
98,"ac_3",2
98,"ac_4",3
98,"ac_5",1
98,"ac_6",1
98,"ac_7",3
98,"ac_8",3
98,"ac_9",3
98,"ac_10",2
99,"ac_1",3
99,"ac_2",3
99,"ac_3",3
99,"ac_4",1
99,"ac_5",1
99,"ac_6",1
99,"ac_7",3
99,"ac_8",1
99,"ac_9",1
99,"ac_10",3
100,"ac_1",1
100,"ac_2",3
100,"ac_3",2
100,"ac_4",1
100,"ac_5",3
100,"ac_6",3
100,"ac_7",3
100,"ac_8",3
100,"ac_9",3
100,"ac_10",3
101,"ac_1",2
101,"ac_2",1
101,"ac_3",3
101,"ac_4",1
101,"ac_5",2
101,"ac_6",3
101,"ac_7",3
101,"ac_8",3
101,"ac_9",3
101,"ac_10",2
102,"ac_1",1
102,"ac_2",2
102,"ac_3",2
102,"ac_4",2
102,"ac_5",2
102,"ac_6",1
102,"ac_7",3
102,"ac_8",3
102,"ac_9",1
102,"ac_10",3
103,"ac_1",1
103,"ac_2",2
103,"ac_3",3
103,"ac_4",2
103,"ac_5",3
103,"ac_6",3
103,"ac_7",2
103,"ac_8",3
103,"ac_9",3
103,"ac_10",3
104,"ac_1",3
104,"ac_2",3
104,"ac_3",1
104,"ac_4",2
104,"ac_5",3
104,"ac_6",3
104,"ac_7",3
104,"ac_8",3
104,"ac_9",3
104,"ac_10",3
105,"ac_1",2
105,"ac_2",3
105,"ac_3",3
105,"ac_4",1
105,"ac_5",1
105,"ac_6",3
105,"ac_7",2
105,"ac_8",1
105,"ac_9",1
105,"ac_10",3
106,"ac_1",3
106,"ac_2",2
106,"ac_3",2
106,"ac_4",1
106,"ac_5",2
106,"ac_6",1
106,"ac_7",2
106,"ac_8",2
106,"ac_9",3
106,"ac_10",1
107,"ac_1",1
107,"ac_2",1
107,"ac_3",3
107,"ac_4",1
107,"ac_5",1
107,"ac_6",1
107,"ac_7",1
107,"ac_8",1
107,"ac_9",3
107,"ac_10",1
108,"ac_1",1
108,"ac_2",1
108,"ac_3",1
108,"ac_4",2
108,"ac_5",3
108,"ac_6",1
108,"ac_7",2
108,"ac_8",2
108,"ac_9",3
108,"ac_10",3
109,"ac_1",3
109,"ac_2",1
109,"ac_3",2
109,"ac_4",1
109,"ac_5",1
109,"ac_6",1
109,"ac_7",3
109,"ac_8",2
109,"ac_9",1
109,"ac_10",3
110,"ac_1",3
110,"ac_2",3
110,"ac_3",3
110,"ac_4",3
110,"ac_5",3
110,"ac_6",3
110,"ac_7",3
110,"ac_8",3
110,"ac_9",3
110,"ac_10",3
111,"ac_1",2
111,"ac_2",2
111,"ac_3",2
111,"ac_4",2
111,"ac_5",1
111,"ac_6",3
111,"ac_7",3
111,"ac_8",3
111,"ac_9",3
111,"ac_10",1
112,"ac_1",1
112,"ac_2",2
112,"ac_3",3
112,"ac_4",1
112,"ac_5",1
112,"ac_6",3
112,"ac_7",3
112,"ac_8",3
112,"ac_9",1
112,"ac_10",3
113,"ac_1",2
113,"ac_2",1
113,"ac_3",1
113,"ac_4",1
113,"ac_5",3
113,"ac_6",1
113,"ac_7",1
113,"ac_8",1
113,"ac_9",1
113,"ac_10",1
114,"ac_1",2
114,"ac_2",3
114,"ac_3",1
114,"ac_4",2
114,"ac_5",1
114,"ac_6",1
114,"ac_7",3
114,"ac_8",3
114,"ac_9",1
114,"ac_10",3
115,"ac_1",3
115,"ac_2",2
115,"ac_3",3
115,"ac_4",3
115,"ac_5",2
115,"ac_6",3
115,"ac_7",3
115,"ac_8",3
115,"ac_9",3
115,"ac_10",3
116,"ac_1",1
116,"ac_2",1
116,"ac_3",2
116,"ac_4",2
116,"ac_5",3
116,"ac_6",3
116,"ac_7",1
116,"ac_8",2
116,"ac_9",1
116,"ac_10",1
117,"ac_1",3
117,"ac_2",3
117,"ac_3",1
117,"ac_4",1
117,"ac_5",1
117,"ac_6",3
117,"ac_7",2
117,"ac_8",1
117,"ac_9",1
117,"ac_10",3
118,"ac_1",1
118,"ac_2",2
118,"ac_3",2
118,"ac_4",2
118,"ac_5",1
118,"ac_6",3
118,"ac_7",1
118,"ac_8",2
118,"ac_9",1
118,"ac_10",2
119,"ac_1",1
119,"ac_2",2
119,"ac_3",1
119,"ac_4",1
119,"ac_5",2
119,"ac_6",1
119,"ac_7",2
119,"ac_8",2
119,"ac_9",3
119,"ac_10",3
120,"ac_1",3
120,"ac_2",1
120,"ac_3",1
120,"ac_4",1
120,"ac_5",1
120,"ac_6",1
120,"ac_7",1
120,"ac_8",1
120,"ac_9",1
120,"ac_10",1
121,"ac_1",2
121,"ac_2",3
121,"ac_3",3
121,"ac_4",2
121,"ac_5",1
121,"ac_6",3
121,"ac_7",3
121,"ac_8",3
121,"ac_9",3
121,"ac_10",3
122,"ac_1",3
122,"ac_2",1
122,"ac_3",2
122,"ac_4",2
122,"ac_5",1
122,"ac_6",3
122,"ac_7",2
122,"ac_8",3
122,"ac_9",2
122,"ac_10",3
123,"ac_1",3
123,"ac_2",2
123,"ac_3",1
123,"ac_4",1
123,"ac_5",2
123,"ac_6",3
123,"ac_7",2
123,"ac_8",1
123,"ac_9",1
123,"ac_10",3
124,"ac_1",1
124,"ac_2",1
124,"ac_3",1
124,"ac_4",1
124,"ac_5",1
124,"ac_6",2
124,"ac_7",2
124,"ac_8",1
124,"ac_9",3
124,"ac_10",1
125,"ac_1",1
125,"ac_2",1
125,"ac_3",1
125,"ac_4",2
125,"ac_5",2
125,"ac_6",1
125,"ac_7",2
125,"ac_8",1
125,"ac_9",1
125,"ac_10",1
126,"ac_1",2
126,"ac_2",2
126,"ac_3",2
126,"ac_4",1
126,"ac_5",3
126,"ac_6",3
126,"ac_7",3
126,"ac_8",1
126,"ac_9",3
126,"ac_10",3
127,"ac_1",1
127,"ac_2",1
127,"ac_3",1
127,"ac_4",1
127,"ac_5",3
127,"ac_6",3
127,"ac_7",3
127,"ac_8",3
127,"ac_9",3
127,"ac_10",3
128,"ac_1",3
128,"ac_2",1
128,"ac_3",1
128,"ac_4",1
128,"ac_5",1
128,"ac_6",3
128,"ac_7",3
128,"ac_8",3
128,"ac_9",3
128,"ac_10",3
129,"ac_1",3
129,"ac_2",2
129,"ac_3",3
129,"ac_4",1
129,"ac_5",1
129,"ac_6",1
129,"ac_7",1
129,"ac_8",3
129,"ac_9",2
129,"ac_10",3
130,"ac_1",3
130,"ac_2",1
130,"ac_3",3
130,"ac_4",3
130,"ac_5",2
130,"ac_6",2
130,"ac_7",2
130,"ac_8",3
130,"ac_9",2
130,"ac_10",2
131,"ac_1",3
131,"ac_2",1
131,"ac_3",1
131,"ac_4",1
131,"ac_5",1
131,"ac_6",1
131,"ac_7",1
131,"ac_8",1
131,"ac_9",1
131,"ac_10",1
132,"ac_1",3
132,"ac_2",3
132,"ac_3",3
132,"ac_4",1
132,"ac_5",1
132,"ac_6",3
132,"ac_7",3
132,"ac_8",1
132,"ac_9",3
132,"ac_10",3
133,"ac_1",3
133,"ac_2",1
133,"ac_3",2
133,"ac_4",1
133,"ac_5",1
133,"ac_6",3
133,"ac_7",3
133,"ac_8",3
133,"ac_9",3
133,"ac_10",3
134,"ac_1",2
134,"ac_2",2
134,"ac_3",2
134,"ac_4",2
134,"ac_5",1
134,"ac_6",3
134,"ac_7",3
134,"ac_8",1
134,"ac_9",1
134,"ac_10",3
135,"ac_1",3
135,"ac_2",1
135,"ac_3",1
135,"ac_4",1
135,"ac_5",2
135,"ac_6",3
135,"ac_7",3
135,"ac_8",3
135,"ac_9",3
135,"ac_10",3
136,"ac_1",1
136,"ac_2",3
136,"ac_3",2
136,"ac_4",1
136,"ac_5",2
136,"ac_6",3
136,"ac_7",1
136,"ac_8",3
136,"ac_9",2
136,"ac_10",3
137,"ac_1",1
137,"ac_2",3
137,"ac_3",3
137,"ac_4",3
137,"ac_5",3
137,"ac_6",3
137,"ac_7",3
137,"ac_8",3
137,"ac_9",3
137,"ac_10",3
138,"ac_1",3
138,"ac_2",2
138,"ac_3",2
138,"ac_4",2
138,"ac_5",2
138,"ac_6",3
138,"ac_7",1
138,"ac_8",1
138,"ac_9",1
138,"ac_10",3
139,"ac_1",2
139,"ac_2",3
139,"ac_3",1
139,"ac_4",1
139,"ac_5",1
139,"ac_6",3
139,"ac_7",1
139,"ac_8",1
139,"ac_9",1
139,"ac_10",3
140,"ac_1",1
140,"ac_2",2
140,"ac_3",2
140,"ac_4",2
140,"ac_5",1
140,"ac_6",1
140,"ac_7",3
140,"ac_8",1
140,"ac_9",3
140,"ac_10",1
141,"ac_1",2
141,"ac_2",1
141,"ac_3",1
141,"ac_4",1
141,"ac_5",1
141,"ac_6",3
141,"ac_7",1
141,"ac_8",1
141,"ac_9",3
141,"ac_10",1
142,"ac_1",3
142,"ac_2",3
142,"ac_3",1
142,"ac_4",1
142,"ac_5",3
142,"ac_6",3
142,"ac_7",2
142,"ac_8",3
142,"ac_9",2
142,"ac_10",1
143,"ac_1",2
143,"ac_2",1
143,"ac_3",1
143,"ac_4",1
143,"ac_5",1
143,"ac_6",2
143,"ac_7",3
143,"ac_8",3
143,"ac_9",3
143,"ac_10",3
144,"ac_1",3
144,"ac_2",1
144,"ac_3",2
144,"ac_4",1
144,"ac_5",2
144,"ac_6",1
144,"ac_7",2
144,"ac_8",2
144,"ac_9",2
144,"ac_10",1
145,"ac_1",2
145,"ac_2",3
145,"ac_3",1
145,"ac_4",2
145,"ac_5",3
145,"ac_6",3
145,"ac_7",3
145,"ac_8",1
145,"ac_9",1
145,"ac_10",3
146,"ac_1",3
146,"ac_2",3
146,"ac_3",3
146,"ac_4",1
146,"ac_5",1
146,"ac_6",1
146,"ac_7",3
146,"ac_8",3
146,"ac_9",3
146,"ac_10",3
147,"ac_1",3
147,"ac_2",1
147,"ac_3",1
147,"ac_4",1
147,"ac_5",2
147,"ac_6",1
147,"ac_7",2
147,"ac_8",2
147,"ac_9",1
147,"ac_10",1
148,"ac_1",3
148,"ac_2",3
148,"ac_3",2
148,"ac_4",2
148,"ac_5",3
148,"ac_6",3
148,"ac_7",3
148,"ac_8",3
148,"ac_9",3
148,"ac_10",3
149,"ac_1",1
149,"ac_2",1
149,"ac_3",1
149,"ac_4",1
149,"ac_5",1
149,"ac_6",1
149,"ac_7",1
149,"ac_8",1
149,"ac_9",1
149,"ac_10",1
150,"ac_1",2
150,"ac_2",2
150,"ac_3",2
150,"ac_4",2
150,"ac_5",1
150,"ac_6",1
150,"ac_7",1
150,"ac_8",3
150,"ac_9",3
150,"ac_10",1
151,"ac_1",3
151,"ac_2",3
151,"ac_3",3
151,"ac_4",2
151,"ac_5",2
151,"ac_6",3
151,"ac_7",3
151,"ac_8",3
151,"ac_9",3
151,"ac_10",3
152,"ac_1",3
152,"ac_2",1
152,"ac_3",1
152,"ac_4",1
152,"ac_5",1
152,"ac_6",1
152,"ac_7",1
152,"ac_8",1
152,"ac_9",1
152,"ac_10",1
153,"ac_1",2
153,"ac_2",1
153,"ac_3",1
153,"ac_4",2
153,"ac_5",2
153,"ac_6",1
153,"ac_7",3
153,"ac_8",1
153,"ac_9",2
153,"ac_10",1
154,"ac_1",3
154,"ac_2",3
154,"ac_3",3
154,"ac_4",1
154,"ac_5",2
154,"ac_6",3
154,"ac_7",3
154,"ac_8",3
154,"ac_9",1
154,"ac_10",3
155,"ac_1",2
155,"ac_2",1
155,"ac_3",1
155,"ac_4",1
155,"ac_5",2
155,"ac_6",3
155,"ac_7",3
155,"ac_8",2
155,"ac_9",1
155,"ac_10",2
156,"ac_1",3
156,"ac_2",3
156,"ac_3",3
156,"ac_4",1
156,"ac_5",3
156,"ac_6",3
156,"ac_7",3
156,"ac_8",3
156,"ac_9",1
156,"ac_10",1
157,"ac_1",1
157,"ac_2",1
157,"ac_3",1
157,"ac_4",1
157,"ac_5",1
157,"ac_6",2
157,"ac_7",1
157,"ac_8",1
157,"ac_9",1
157,"ac_10",3
158,"ac_1",3
158,"ac_2",2
158,"ac_3",2
158,"ac_4",2
158,"ac_5",2
158,"ac_6",2
158,"ac_7",2
158,"ac_8",2
158,"ac_9",2
158,"ac_10",2
159,"ac_1",1
159,"ac_2",2
159,"ac_3",2
159,"ac_4",3
159,"ac_5",2
159,"ac_6",3
159,"ac_7",1
159,"ac_8",1
159,"ac_9",3
159,"ac_10",2
160,"ac_1",3
160,"ac_2",2
160,"ac_3",1
160,"ac_4",1
160,"ac_5",3
160,"ac_6",3
160,"ac_7",2
160,"ac_8",3
160,"ac_9",3
160,"ac_10",1
161,"ac_1",1
161,"ac_2",3
161,"ac_3",3
161,"ac_4",3
161,"ac_5",2
161,"ac_6",3
161,"ac_7",1
161,"ac_8",2
161,"ac_9",3
161,"ac_10",1
162,"ac_1",3
162,"ac_2",1
162,"ac_3",2
162,"ac_4",1
162,"ac_5",1
162,"ac_6",3
162,"ac_7",2
162,"ac_8",2
162,"ac_9",3
162,"ac_10",3
163,"ac_1",1
163,"ac_2",1
163,"ac_3",1
163,"ac_4",3
163,"ac_5",1
163,"ac_6",2
163,"ac_7",3
163,"ac_8",3
163,"ac_9",3
163,"ac_10",3
164,"ac_1",3
164,"ac_2",2
164,"ac_3",1
164,"ac_4",2
164,"ac_5",2
164,"ac_6",3
164,"ac_7",1
164,"ac_8",2
164,"ac_9",3
164,"ac_10",3
165,"ac_1",3
165,"ac_2",3
165,"ac_3",2
165,"ac_4",3
165,"ac_5",1
165,"ac_6",3
165,"ac_7",1
165,"ac_8",3
165,"ac_9",1
165,"ac_10",3
166,"ac_1",3
166,"ac_2",2
166,"ac_3",2
166,"ac_4",2
166,"ac_5",3
166,"ac_6",3
166,"ac_7",3
166,"ac_8",3
166,"ac_9",3
166,"ac_10",3
1,"rsp_1",2
1,"rsp_2",2
1,"rsp_3",1
1,"rsp_4",2
1,"rsp_5",2
1,"rsp_6",2
1,"rsp_7",2
1,"rsp_8",2
1,"rsp_9",2
1,"rsp_10",2
2,"rsp_1",1
2,"rsp_2",1
2,"rsp_3",1
2,"rsp_4",2
2,"rsp_5",1
2,"rsp_6",2
2,"rsp_7",2
2,"rsp_8",3
2,"rsp_9",3
2,"rsp_10",3
3,"rsp_1",3
3,"rsp_2",1
3,"rsp_3",3
3,"rsp_4",3
3,"rsp_5",3
3,"rsp_6",3
3,"rsp_7",3
3,"rsp_8",1
3,"rsp_9",1
3,"rsp_10",1
4,"rsp_1",3
4,"rsp_2",1
4,"rsp_3",1
4,"rsp_4",1
4,"rsp_5",1
4,"rsp_6",2
4,"rsp_7",3
4,"rsp_8",3
4,"rsp_9",2
4,"rsp_10",2
5,"rsp_1",1
5,"rsp_2",1
5,"rsp_3",1
5,"rsp_4",1
5,"rsp_5",3
5,"rsp_6",3
5,"rsp_7",3
5,"rsp_8",1
5,"rsp_9",1
5,"rsp_10",3
6,"rsp_1",3
6,"rsp_2",1
6,"rsp_3",3
6,"rsp_4",1
6,"rsp_5",3
6,"rsp_6",3
6,"rsp_7",3
6,"rsp_8",1
6,"rsp_9",1
6,"rsp_10",3
7,"rsp_1",1
7,"rsp_2",2
7,"rsp_3",2
7,"rsp_4",2
7,"rsp_5",2
7,"rsp_6",1
7,"rsp_7",1
7,"rsp_8",1
7,"rsp_9",2
7,"rsp_10",3
8,"rsp_1",1
8,"rsp_2",1
8,"rsp_3",1
8,"rsp_4",1
8,"rsp_5",1
8,"rsp_6",1
8,"rsp_7",2
8,"rsp_8",1
8,"rsp_9",2
8,"rsp_10",2
9,"rsp_1",3
9,"rsp_2",1
9,"rsp_3",1
9,"rsp_4",3
9,"rsp_5",3
9,"rsp_6",2
9,"rsp_7",3
9,"rsp_8",3
9,"rsp_9",3
9,"rsp_10",3
10,"rsp_1",3
10,"rsp_2",1
10,"rsp_3",1
10,"rsp_4",1
10,"rsp_5",1
10,"rsp_6",3
10,"rsp_7",2
10,"rsp_8",2
10,"rsp_9",3
10,"rsp_10",3
11,"rsp_1",3
11,"rsp_2",1
11,"rsp_3",3
11,"rsp_4",2
11,"rsp_5",1
11,"rsp_6",1
11,"rsp_7",3
11,"rsp_8",1
11,"rsp_9",3
11,"rsp_10",2
12,"rsp_1",2
12,"rsp_2",1
12,"rsp_3",2
12,"rsp_4",2
12,"rsp_5",2
12,"rsp_6",2
12,"rsp_7",1
12,"rsp_8",3
12,"rsp_9",3
12,"rsp_10",3
13,"rsp_1",2
13,"rsp_2",3
13,"rsp_3",1
13,"rsp_4",2
13,"rsp_5",1
13,"rsp_6",1
13,"rsp_7",1
13,"rsp_8",3
13,"rsp_9",3
13,"rsp_10",3
14,"rsp_1",3
14,"rsp_2",1
14,"rsp_3",1
14,"rsp_4",1
14,"rsp_5",1
14,"rsp_6",3
14,"rsp_7",1
14,"rsp_8",3
14,"rsp_9",3
14,"rsp_10",3
15,"rsp_1",3
15,"rsp_2",2
15,"rsp_3",1
15,"rsp_4",2
15,"rsp_5",3
15,"rsp_6",1
15,"rsp_7",1
15,"rsp_8",3
15,"rsp_9",1
15,"rsp_10",2
16,"rsp_1",1
16,"rsp_2",3
16,"rsp_3",3
16,"rsp_4",3
16,"rsp_5",1
16,"rsp_6",3
16,"rsp_7",3
16,"rsp_8",3
16,"rsp_9",3
16,"rsp_10",1
17,"rsp_1",1
17,"rsp_2",3
17,"rsp_3",2
17,"rsp_4",1
17,"rsp_5",2
17,"rsp_6",3
17,"rsp_7",3
17,"rsp_8",3
17,"rsp_9",3
17,"rsp_10",3
18,"rsp_1",2
18,"rsp_2",1
18,"rsp_3",1
18,"rsp_4",1
18,"rsp_5",1
18,"rsp_6",1
18,"rsp_7",1
18,"rsp_8",3
18,"rsp_9",3
18,"rsp_10",3
19,"rsp_1",2
19,"rsp_2",3
19,"rsp_3",1
19,"rsp_4",3
19,"rsp_5",1
19,"rsp_6",2
19,"rsp_7",2
19,"rsp_8",3
19,"rsp_9",1
19,"rsp_10",3
20,"rsp_1",2
20,"rsp_2",1
20,"rsp_3",1
20,"rsp_4",3
20,"rsp_5",1
20,"rsp_6",2
20,"rsp_7",2
20,"rsp_8",2
20,"rsp_9",2
20,"rsp_10",2
21,"rsp_1",3
21,"rsp_2",1
21,"rsp_3",3
21,"rsp_4",1
21,"rsp_5",1
21,"rsp_6",3
21,"rsp_7",3
21,"rsp_8",1
21,"rsp_9",1
21,"rsp_10",3
22,"rsp_1",3
22,"rsp_2",1
22,"rsp_3",1
22,"rsp_4",1
22,"rsp_5",1
22,"rsp_6",3
22,"rsp_7",3
22,"rsp_8",3
22,"rsp_9",3
22,"rsp_10",3
23,"rsp_1",3
23,"rsp_2",1
23,"rsp_3",1
23,"rsp_4",1
23,"rsp_5",1
23,"rsp_6",2
23,"rsp_7",2
23,"rsp_8",2
23,"rsp_9",2
23,"rsp_10",2
24,"rsp_1",2
24,"rsp_2",2
24,"rsp_3",1
24,"rsp_4",1
24,"rsp_5",1
24,"rsp_6",2
24,"rsp_7",2
24,"rsp_8",2
24,"rsp_9",2
24,"rsp_10",2
25,"rsp_1",1
25,"rsp_2",1
25,"rsp_3",2
25,"rsp_4",1
25,"rsp_5",1
25,"rsp_6",3
25,"rsp_7",3
25,"rsp_8",1
25,"rsp_9",2
25,"rsp_10",1
26,"rsp_1",1
26,"rsp_2",1
26,"rsp_3",1
26,"rsp_4",1
26,"rsp_5",1
26,"rsp_6",2
26,"rsp_7",2
26,"rsp_8",3
26,"rsp_9",1
26,"rsp_10",2
27,"rsp_1",2
27,"rsp_2",2
27,"rsp_3",2
27,"rsp_4",2
27,"rsp_5",2
27,"rsp_6",3
27,"rsp_7",2
27,"rsp_8",3
27,"rsp_9",1
27,"rsp_10",3
28,"rsp_1",1
28,"rsp_2",3
28,"rsp_3",2
28,"rsp_4",2
28,"rsp_5",1
28,"rsp_6",2
28,"rsp_7",3
28,"rsp_8",3
28,"rsp_9",3
28,"rsp_10",3
29,"rsp_1",1
29,"rsp_2",1
29,"rsp_3",1
29,"rsp_4",1
29,"rsp_5",1
29,"rsp_6",1
29,"rsp_7",1
29,"rsp_8",1
29,"rsp_9",1
29,"rsp_10",1
30,"rsp_1",3
30,"rsp_2",3
30,"rsp_3",3
30,"rsp_4",3
30,"rsp_5",3
30,"rsp_6",3
30,"rsp_7",3
30,"rsp_8",3
30,"rsp_9",3
30,"rsp_10",1
31,"rsp_1",3
31,"rsp_2",1
31,"rsp_3",1
31,"rsp_4",1
31,"rsp_5",1
31,"rsp_6",2
31,"rsp_7",3
31,"rsp_8",3
31,"rsp_9",1
31,"rsp_10",2
32,"rsp_1",1
32,"rsp_2",2
32,"rsp_3",3
32,"rsp_4",1
32,"rsp_5",2
32,"rsp_6",3
32,"rsp_7",1
32,"rsp_8",2
32,"rsp_9",3
32,"rsp_10",1
33,"rsp_1",3
33,"rsp_2",3
33,"rsp_3",3
33,"rsp_4",1
33,"rsp_5",1
33,"rsp_6",3
33,"rsp_7",3
33,"rsp_8",3
33,"rsp_9",3
33,"rsp_10",3
34,"rsp_1",3
34,"rsp_2",1
34,"rsp_3",3
34,"rsp_4",1
34,"rsp_5",1
34,"rsp_6",1
34,"rsp_7",1
34,"rsp_8",3
34,"rsp_9",1
34,"rsp_10",2
35,"rsp_1",3
35,"rsp_2",1
35,"rsp_3",1
35,"rsp_4",1
35,"rsp_5",1
35,"rsp_6",2
35,"rsp_7",3
35,"rsp_8",1
35,"rsp_9",2
35,"rsp_10",1
36,"rsp_1",2
36,"rsp_2",2
36,"rsp_3",2
36,"rsp_4",2
36,"rsp_5",1
36,"rsp_6",2
36,"rsp_7",3
36,"rsp_8",2
36,"rsp_9",2
36,"rsp_10",1
37,"rsp_1",2
37,"rsp_2",1
37,"rsp_3",1
37,"rsp_4",1
37,"rsp_5",1
37,"rsp_6",2
37,"rsp_7",3
37,"rsp_8",2
37,"rsp_9",2
37,"rsp_10",3
38,"rsp_1",2
38,"rsp_2",2
38,"rsp_3",1
38,"rsp_4",2
38,"rsp_5",2
38,"rsp_6",3
38,"rsp_7",1
38,"rsp_8",1
38,"rsp_9",3
38,"rsp_10",2
39,"rsp_1",1
39,"rsp_2",1
39,"rsp_3",1
39,"rsp_4",2
39,"rsp_5",1
39,"rsp_6",2
39,"rsp_7",1
39,"rsp_8",2
39,"rsp_9",3
39,"rsp_10",2
40,"rsp_1",3
40,"rsp_2",1
40,"rsp_3",2
40,"rsp_4",2
40,"rsp_5",1
40,"rsp_6",3
40,"rsp_7",3
40,"rsp_8",2
40,"rsp_9",3
40,"rsp_10",3
41,"rsp_1",1
41,"rsp_2",1
41,"rsp_3",1
41,"rsp_4",1
41,"rsp_5",1
41,"rsp_6",1
41,"rsp_7",3
41,"rsp_8",1
41,"rsp_9",3
41,"rsp_10",1
42,"rsp_1",2
42,"rsp_2",1
42,"rsp_3",1
42,"rsp_4",1
42,"rsp_5",1
42,"rsp_6",2
42,"rsp_7",3
42,"rsp_8",3
42,"rsp_9",1
42,"rsp_10",3
43,"rsp_1",3
43,"rsp_2",3
43,"rsp_3",3
43,"rsp_4",3
43,"rsp_5",3
43,"rsp_6",3
43,"rsp_7",3
43,"rsp_8",3
43,"rsp_9",3
43,"rsp_10",3
44,"rsp_1",3
44,"rsp_2",2
44,"rsp_3",1
44,"rsp_4",3
44,"rsp_5",1
44,"rsp_6",2
44,"rsp_7",1
44,"rsp_8",3
44,"rsp_9",2
44,"rsp_10",2
45,"rsp_1",1
45,"rsp_2",1
45,"rsp_3",3
45,"rsp_4",3
45,"rsp_5",2
45,"rsp_6",3
45,"rsp_7",3
45,"rsp_8",3
45,"rsp_9",3
45,"rsp_10",1
46,"rsp_1",3
46,"rsp_2",1
46,"rsp_3",1
46,"rsp_4",1
46,"rsp_5",1
46,"rsp_6",2
46,"rsp_7",1
46,"rsp_8",2
46,"rsp_9",3
46,"rsp_10",3
47,"rsp_1",2
47,"rsp_2",1
47,"rsp_3",1
47,"rsp_4",1
47,"rsp_5",1
47,"rsp_6",1
47,"rsp_7",3
47,"rsp_8",3
47,"rsp_9",3
47,"rsp_10",3
48,"rsp_1",3
48,"rsp_2",1
48,"rsp_3",2
48,"rsp_4",1
48,"rsp_5",1
48,"rsp_6",2
48,"rsp_7",3
48,"rsp_8",2
48,"rsp_9",1
48,"rsp_10",2
49,"rsp_1",3
49,"rsp_2",1
49,"rsp_3",1
49,"rsp_4",1
49,"rsp_5",1
49,"rsp_6",2
49,"rsp_7",1
49,"rsp_8",1
49,"rsp_9",1
49,"rsp_10",1
50,"rsp_1",3
50,"rsp_2",1
50,"rsp_3",1
50,"rsp_4",1
50,"rsp_5",1
50,"rsp_6",3
50,"rsp_7",3
50,"rsp_8",1
50,"rsp_9",3
50,"rsp_10",3
51,"rsp_1",3
51,"rsp_2",3
51,"rsp_3",2
51,"rsp_4",2
51,"rsp_5",1
51,"rsp_6",3
51,"rsp_7",3
51,"rsp_8",3
51,"rsp_9",3
51,"rsp_10",1
52,"rsp_1",3
52,"rsp_2",1
52,"rsp_3",1
52,"rsp_4",1
52,"rsp_5",1
52,"rsp_6",1
52,"rsp_7",3
52,"rsp_8",2
52,"rsp_9",3
52,"rsp_10",3
53,"rsp_1",2
53,"rsp_2",1
53,"rsp_3",1
53,"rsp_4",1
53,"rsp_5",1
53,"rsp_6",1
53,"rsp_7",2
53,"rsp_8",2
53,"rsp_9",2
53,"rsp_10",3
54,"rsp_1",1
54,"rsp_2",1
54,"rsp_3",1
54,"rsp_4",1
54,"rsp_5",1
54,"rsp_6",1
54,"rsp_7",3
54,"rsp_8",3
54,"rsp_9",3
54,"rsp_10",3
55,"rsp_1",3
55,"rsp_2",1
55,"rsp_3",1
55,"rsp_4",1
55,"rsp_5",1
55,"rsp_6",2
55,"rsp_7",3
55,"rsp_8",3
55,"rsp_9",3
55,"rsp_10",1
56,"rsp_1",2
56,"rsp_2",3
56,"rsp_3",3
56,"rsp_4",1
56,"rsp_5",1
56,"rsp_6",2
56,"rsp_7",1
56,"rsp_8",1
56,"rsp_9",2
56,"rsp_10",3
57,"rsp_1",1
57,"rsp_2",1
57,"rsp_3",1
57,"rsp_4",1
57,"rsp_5",1
57,"rsp_6",2
57,"rsp_7",2
57,"rsp_8",3
57,"rsp_9",3
57,"rsp_10",1
58,"rsp_1",1
58,"rsp_2",1
58,"rsp_3",1
58,"rsp_4",1
58,"rsp_5",1
58,"rsp_6",3
58,"rsp_7",3
58,"rsp_8",1
58,"rsp_9",3
58,"rsp_10",2
59,"rsp_1",2
59,"rsp_2",1
59,"rsp_3",1
59,"rsp_4",1
59,"rsp_5",1
59,"rsp_6",2
59,"rsp_7",1
59,"rsp_8",3
59,"rsp_9",1
59,"rsp_10",1
60,"rsp_1",2
60,"rsp_2",1
60,"rsp_3",1
60,"rsp_4",1
60,"rsp_5",1
60,"rsp_6",2
60,"rsp_7",2
60,"rsp_8",2
60,"rsp_9",2
60,"rsp_10",2
61,"rsp_1",1
61,"rsp_2",1
61,"rsp_3",1
61,"rsp_4",1
61,"rsp_5",1
61,"rsp_6",2
61,"rsp_7",3
61,"rsp_8",3
61,"rsp_9",3
61,"rsp_10",2
62,"rsp_1",1
62,"rsp_2",1
62,"rsp_3",1
62,"rsp_4",1
62,"rsp_5",1
62,"rsp_6",3
62,"rsp_7",1
62,"rsp_8",2
62,"rsp_9",2
62,"rsp_10",2
63,"rsp_1",3
63,"rsp_2",1
63,"rsp_3",1
63,"rsp_4",1
63,"rsp_5",1
63,"rsp_6",2
63,"rsp_7",2
63,"rsp_8",3
63,"rsp_9",2
63,"rsp_10",1
64,"rsp_1",2
64,"rsp_2",1
64,"rsp_3",1
64,"rsp_4",1
64,"rsp_5",1
64,"rsp_6",1
64,"rsp_7",2
64,"rsp_8",2
64,"rsp_9",2
64,"rsp_10",2
65,"rsp_1",3
65,"rsp_2",3
65,"rsp_3",2
65,"rsp_4",1
65,"rsp_5",2
65,"rsp_6",1
65,"rsp_7",3
65,"rsp_8",3
65,"rsp_9",1
65,"rsp_10",2
66,"rsp_1",3
66,"rsp_2",1
66,"rsp_3",1
66,"rsp_4",3
66,"rsp_5",3
66,"rsp_6",3
66,"rsp_7",3
66,"rsp_8",3
66,"rsp_9",3
66,"rsp_10",3
67,"rsp_1",2
67,"rsp_2",3
67,"rsp_3",2
67,"rsp_4",2
67,"rsp_5",1
67,"rsp_6",2
67,"rsp_7",3
67,"rsp_8",3
67,"rsp_9",3
67,"rsp_10",3
68,"rsp_1",2
68,"rsp_2",3
68,"rsp_3",2
68,"rsp_4",1
68,"rsp_5",1
68,"rsp_6",1
68,"rsp_7",1
68,"rsp_8",3
68,"rsp_9",1
68,"rsp_10",1
69,"rsp_1",2
69,"rsp_2",3
69,"rsp_3",2
69,"rsp_4",3
69,"rsp_5",3
69,"rsp_6",1
69,"rsp_7",3
69,"rsp_8",3
69,"rsp_9",1
69,"rsp_10",1
70,"rsp_1",3
70,"rsp_2",1
70,"rsp_3",1
70,"rsp_4",1
70,"rsp_5",1
70,"rsp_6",3
70,"rsp_7",2
70,"rsp_8",2
70,"rsp_9",2
70,"rsp_10",2
71,"rsp_1",2
71,"rsp_2",1
71,"rsp_3",1
71,"rsp_4",1
71,"rsp_5",1
71,"rsp_6",2
71,"rsp_7",2
71,"rsp_8",1
71,"rsp_9",3
71,"rsp_10",1
72,"rsp_1",2
72,"rsp_2",3
72,"rsp_3",1
72,"rsp_4",1
72,"rsp_5",1
72,"rsp_6",3
72,"rsp_7",3
72,"rsp_8",3
72,"rsp_9",3
72,"rsp_10",3
73,"rsp_1",1
73,"rsp_2",1
73,"rsp_3",1
73,"rsp_4",1
73,"rsp_5",1
73,"rsp_6",1
73,"rsp_7",3
73,"rsp_8",3
73,"rsp_9",3
73,"rsp_10",3
74,"rsp_1",1
74,"rsp_2",1
74,"rsp_3",1
74,"rsp_4",1
74,"rsp_5",1
74,"rsp_6",1
74,"rsp_7",1
74,"rsp_8",1
74,"rsp_9",1
74,"rsp_10",2
75,"rsp_1",2
75,"rsp_2",1
75,"rsp_3",1
75,"rsp_4",1
75,"rsp_5",1
75,"rsp_6",3
75,"rsp_7",2
75,"rsp_8",3
75,"rsp_9",3
75,"rsp_10",3
76,"rsp_1",2
76,"rsp_2",2
76,"rsp_3",2
76,"rsp_4",1
76,"rsp_5",1
76,"rsp_6",1
76,"rsp_7",2
76,"rsp_8",2
76,"rsp_9",2
76,"rsp_10",2
77,"rsp_1",2
77,"rsp_2",1
77,"rsp_3",1
77,"rsp_4",3
77,"rsp_5",1
77,"rsp_6",2
77,"rsp_7",3
77,"rsp_8",1
77,"rsp_9",3
77,"rsp_10",3
78,"rsp_1",3
78,"rsp_2",1
78,"rsp_3",3
78,"rsp_4",3
78,"rsp_5",1
78,"rsp_6",3
78,"rsp_7",1
78,"rsp_8",1
78,"rsp_9",1
78,"rsp_10",1
79,"rsp_1",2
79,"rsp_2",3
79,"rsp_3",1
79,"rsp_4",1
79,"rsp_5",1
79,"rsp_6",2
79,"rsp_7",3
79,"rsp_8",2
79,"rsp_9",3
79,"rsp_10",3
80,"rsp_1",2
80,"rsp_2",1
80,"rsp_3",1
80,"rsp_4",1
80,"rsp_5",1
80,"rsp_6",1
80,"rsp_7",2
80,"rsp_8",1
80,"rsp_9",2
80,"rsp_10",2
81,"rsp_1",3
81,"rsp_2",2
81,"rsp_3",2
81,"rsp_4",2
81,"rsp_5",2
81,"rsp_6",2
81,"rsp_7",1
81,"rsp_8",1
81,"rsp_9",1
81,"rsp_10",3
82,"rsp_1",2
82,"rsp_2",1
82,"rsp_3",1
82,"rsp_4",2
82,"rsp_5",1
82,"rsp_6",3
82,"rsp_7",3
82,"rsp_8",1
82,"rsp_9",1
82,"rsp_10",2
83,"rsp_1",1
83,"rsp_2",1
83,"rsp_3",1
83,"rsp_4",2
83,"rsp_5",1
83,"rsp_6",1
83,"rsp_7",1
83,"rsp_8",3
83,"rsp_9",1
83,"rsp_10",3
84,"rsp_1",3
84,"rsp_2",1
84,"rsp_3",2
84,"rsp_4",2
84,"rsp_5",1
84,"rsp_6",3
84,"rsp_7",2
84,"rsp_8",3
84,"rsp_9",2
84,"rsp_10",2
85,"rsp_1",1
85,"rsp_2",2
85,"rsp_3",1
85,"rsp_4",1
85,"rsp_5",3
85,"rsp_6",2
85,"rsp_7",1
85,"rsp_8",1
85,"rsp_9",1
85,"rsp_10",1
86,"rsp_1",3
86,"rsp_2",1
86,"rsp_3",1
86,"rsp_4",1
86,"rsp_5",2
86,"rsp_6",1
86,"rsp_7",2
86,"rsp_8",2
86,"rsp_9",1
86,"rsp_10",2
87,"rsp_1",3
87,"rsp_2",1
87,"rsp_3",2
87,"rsp_4",2
87,"rsp_5",2
87,"rsp_6",1
87,"rsp_7",3
87,"rsp_8",3
87,"rsp_9",3
87,"rsp_10",3
88,"rsp_1",1
88,"rsp_2",2
88,"rsp_3",2
88,"rsp_4",2
88,"rsp_5",1
88,"rsp_6",1
88,"rsp_7",1
88,"rsp_8",1
88,"rsp_9",3
88,"rsp_10",3
89,"rsp_1",2
89,"rsp_2",1
89,"rsp_3",1
89,"rsp_4",1
89,"rsp_5",1
89,"rsp_6",1
89,"rsp_7",1
89,"rsp_8",1
89,"rsp_9",3
89,"rsp_10",1
90,"rsp_1",1
90,"rsp_2",3
90,"rsp_3",2
90,"rsp_4",3
90,"rsp_5",1
90,"rsp_6",2
90,"rsp_7",2
90,"rsp_8",3
90,"rsp_9",2
90,"rsp_10",1
91,"rsp_1",2
91,"rsp_2",3
91,"rsp_3",1
91,"rsp_4",1
91,"rsp_5",1
91,"rsp_6",1
91,"rsp_7",1
91,"rsp_8",3
91,"rsp_9",3
91,"rsp_10",2
92,"rsp_1",1
92,"rsp_2",2
92,"rsp_3",1
92,"rsp_4",2
92,"rsp_5",3
92,"rsp_6",2
92,"rsp_7",3
92,"rsp_8",3
92,"rsp_9",1
92,"rsp_10",2
93,"rsp_1",2
93,"rsp_2",2
93,"rsp_3",1
93,"rsp_4",1
93,"rsp_5",2
93,"rsp_6",2
93,"rsp_7",2
93,"rsp_8",2
93,"rsp_9",2
93,"rsp_10",2
94,"rsp_1",1
94,"rsp_2",1
94,"rsp_3",3
94,"rsp_4",1
94,"rsp_5",3
94,"rsp_6",3
94,"rsp_7",1
94,"rsp_8",1
94,"rsp_9",3
94,"rsp_10",3
95,"rsp_1",2
95,"rsp_2",2
95,"rsp_3",1
95,"rsp_4",1
95,"rsp_5",1
95,"rsp_6",3
95,"rsp_7",3
95,"rsp_8",1
95,"rsp_9",2
95,"rsp_10",2
96,"rsp_1",1
96,"rsp_2",1
96,"rsp_3",3
96,"rsp_4",2
96,"rsp_5",2
96,"rsp_6",3
96,"rsp_7",3
96,"rsp_8",2
96,"rsp_9",2
96,"rsp_10",1
97,"rsp_1",1
97,"rsp_2",3
97,"rsp_3",1
97,"rsp_4",2
97,"rsp_5",3
97,"rsp_6",1
97,"rsp_7",2
97,"rsp_8",2
97,"rsp_9",3
97,"rsp_10",1
98,"rsp_1",2
98,"rsp_2",3
98,"rsp_3",3
98,"rsp_4",1
98,"rsp_5",2
98,"rsp_6",1
98,"rsp_7",3
98,"rsp_8",3
98,"rsp_9",2
98,"rsp_10",3
99,"rsp_1",3
99,"rsp_2",3
99,"rsp_3",1
99,"rsp_4",2
99,"rsp_5",1
99,"rsp_6",3
99,"rsp_7",2
99,"rsp_8",3
99,"rsp_9",1
99,"rsp_10",2
100,"rsp_1",1
100,"rsp_2",1
100,"rsp_3",1
100,"rsp_4",1
100,"rsp_5",1
100,"rsp_6",1
100,"rsp_7",2
100,"rsp_8",1
100,"rsp_9",2
100,"rsp_10",2
101,"rsp_1",2
101,"rsp_2",3
101,"rsp_3",1
101,"rsp_4",1
101,"rsp_5",1
101,"rsp_6",1
101,"rsp_7",3
101,"rsp_8",3
101,"rsp_9",3
101,"rsp_10",2
102,"rsp_1",2
102,"rsp_2",1
102,"rsp_3",1
102,"rsp_4",1
102,"rsp_5",1
102,"rsp_6",2
102,"rsp_7",2
102,"rsp_8",3
102,"rsp_9",3
102,"rsp_10",3
103,"rsp_1",3
103,"rsp_2",1
103,"rsp_3",3
103,"rsp_4",1
103,"rsp_5",1
103,"rsp_6",1
103,"rsp_7",2
103,"rsp_8",1
103,"rsp_9",2
103,"rsp_10",1
104,"rsp_1",2
104,"rsp_2",1
104,"rsp_3",1
104,"rsp_4",1
104,"rsp_5",1
104,"rsp_6",1
104,"rsp_7",1
104,"rsp_8",3
104,"rsp_9",3
104,"rsp_10",2
105,"rsp_1",1
105,"rsp_2",2
105,"rsp_3",2
105,"rsp_4",1
105,"rsp_5",1
105,"rsp_6",3
105,"rsp_7",1
105,"rsp_8",1
105,"rsp_9",2
105,"rsp_10",1
106,"rsp_1",3
106,"rsp_2",3
106,"rsp_3",1
106,"rsp_4",1
106,"rsp_5",1
106,"rsp_6",1
106,"rsp_7",1
106,"rsp_8",1
106,"rsp_9",2
106,"rsp_10",3
107,"rsp_1",1
107,"rsp_2",1
107,"rsp_3",1
107,"rsp_4",1
107,"rsp_5",1
107,"rsp_6",3
107,"rsp_7",1
107,"rsp_8",3
107,"rsp_9",3
107,"rsp_10",3
108,"rsp_1",3
108,"rsp_2",3
108,"rsp_3",2
108,"rsp_4",1
108,"rsp_5",1
108,"rsp_6",3
108,"rsp_7",2
108,"rsp_8",2
108,"rsp_9",3
108,"rsp_10",3
109,"rsp_1",1
109,"rsp_2",1
109,"rsp_3",1
109,"rsp_4",1
109,"rsp_5",1
109,"rsp_6",2
109,"rsp_7",3
109,"rsp_8",3
109,"rsp_9",3
109,"rsp_10",3
110,"rsp_1",2
110,"rsp_2",1
110,"rsp_3",1
110,"rsp_4",1
110,"rsp_5",1
110,"rsp_6",2
110,"rsp_7",3
110,"rsp_8",3
110,"rsp_9",3
110,"rsp_10",3
111,"rsp_1",1
111,"rsp_2",3
111,"rsp_3",1
111,"rsp_4",3
111,"rsp_5",2
111,"rsp_6",1
111,"rsp_7",1
111,"rsp_8",3
111,"rsp_9",2
111,"rsp_10",2
112,"rsp_1",1
112,"rsp_2",1
112,"rsp_3",1
112,"rsp_4",1
112,"rsp_5",1
112,"rsp_6",1
112,"rsp_7",1
112,"rsp_8",2
112,"rsp_9",2
112,"rsp_10",2
113,"rsp_1",3
113,"rsp_2",2
113,"rsp_3",2
113,"rsp_4",1
113,"rsp_5",1
113,"rsp_6",3
113,"rsp_7",3
113,"rsp_8",3
113,"rsp_9",3
113,"rsp_10",3
114,"rsp_1",1
114,"rsp_2",2
114,"rsp_3",1
114,"rsp_4",1
114,"rsp_5",1
114,"rsp_6",1
114,"rsp_7",1
114,"rsp_8",3
114,"rsp_9",2
114,"rsp_10",1
115,"rsp_1",2
115,"rsp_2",2
115,"rsp_3",2
115,"rsp_4",3
115,"rsp_5",1
115,"rsp_6",1
115,"rsp_7",3
115,"rsp_8",3
115,"rsp_9",1
115,"rsp_10",1
116,"rsp_1",2
116,"rsp_2",2
116,"rsp_3",1
116,"rsp_4",1
116,"rsp_5",1
116,"rsp_6",3
116,"rsp_7",3
116,"rsp_8",1
116,"rsp_9",1
116,"rsp_10",1
117,"rsp_1",3
117,"rsp_2",1
117,"rsp_3",1
117,"rsp_4",1
117,"rsp_5",1
117,"rsp_6",2
117,"rsp_7",3
117,"rsp_8",3
117,"rsp_9",1
117,"rsp_10",1
118,"rsp_1",3
118,"rsp_2",1
118,"rsp_3",1
118,"rsp_4",2
118,"rsp_5",3
118,"rsp_6",2
118,"rsp_7",1
118,"rsp_8",2
118,"rsp_9",1
118,"rsp_10",1
119,"rsp_1",1
119,"rsp_2",3
119,"rsp_3",2
119,"rsp_4",2
119,"rsp_5",1
119,"rsp_6",1
119,"rsp_7",3
119,"rsp_8",3
119,"rsp_9",3
119,"rsp_10",2
120,"rsp_1",1
120,"rsp_2",1
120,"rsp_3",1
120,"rsp_4",1
120,"rsp_5",1
120,"rsp_6",2
120,"rsp_7",1
120,"rsp_8",1
120,"rsp_9",1
120,"rsp_10",1
121,"rsp_1",2
121,"rsp_2",1
121,"rsp_3",1
121,"rsp_4",1
121,"rsp_5",1
121,"rsp_6",2
121,"rsp_7",3
121,"rsp_8",3
121,"rsp_9",3
121,"rsp_10",3
122,"rsp_1",1
122,"rsp_2",3
122,"rsp_3",2
122,"rsp_4",3
122,"rsp_5",1
122,"rsp_6",1
122,"rsp_7",1
122,"rsp_8",1
122,"rsp_9",2
122,"rsp_10",3
123,"rsp_1",3
123,"rsp_2",2
123,"rsp_3",2
123,"rsp_4",3
123,"rsp_5",2
123,"rsp_6",1
123,"rsp_7",1
123,"rsp_8",1
123,"rsp_9",1
123,"rsp_10",1
124,"rsp_1",3
124,"rsp_2",1
124,"rsp_3",3
124,"rsp_4",1
124,"rsp_5",1
124,"rsp_6",1
124,"rsp_7",3
124,"rsp_8",3
124,"rsp_9",3
124,"rsp_10",3
125,"rsp_1",2
125,"rsp_2",1
125,"rsp_3",1
125,"rsp_4",1
125,"rsp_5",1
125,"rsp_6",3
125,"rsp_7",1
125,"rsp_8",1
125,"rsp_9",3
125,"rsp_10",2
126,"rsp_1",2
126,"rsp_2",3
126,"rsp_3",3
126,"rsp_4",3
126,"rsp_5",1
126,"rsp_6",1
126,"rsp_7",3
126,"rsp_8",1
126,"rsp_9",1
126,"rsp_10",3
127,"rsp_1",3
127,"rsp_2",2
127,"rsp_3",2
127,"rsp_4",2
127,"rsp_5",2
127,"rsp_6",3
127,"rsp_7",1
127,"rsp_8",1
127,"rsp_9",2
127,"rsp_10",3
128,"rsp_1",2
128,"rsp_2",2
128,"rsp_3",2
128,"rsp_4",1
128,"rsp_5",1
128,"rsp_6",1
128,"rsp_7",1
128,"rsp_8",1
128,"rsp_9",1
128,"rsp_10",1
129,"rsp_1",2
129,"rsp_2",2
129,"rsp_3",2
129,"rsp_4",1
129,"rsp_5",1
129,"rsp_6",3
129,"rsp_7",1
129,"rsp_8",3
129,"rsp_9",1
129,"rsp_10",1
130,"rsp_1",3
130,"rsp_2",3
130,"rsp_3",3
130,"rsp_4",1
130,"rsp_5",1
130,"rsp_6",1
130,"rsp_7",3
130,"rsp_8",3
130,"rsp_9",1
130,"rsp_10",3
131,"rsp_1",1
131,"rsp_2",1
131,"rsp_3",1
131,"rsp_4",1
131,"rsp_5",1
131,"rsp_6",1
131,"rsp_7",1
131,"rsp_8",1
131,"rsp_9",1
131,"rsp_10",1
132,"rsp_1",3
132,"rsp_2",1
132,"rsp_3",1
132,"rsp_4",1
132,"rsp_5",2
132,"rsp_6",2
132,"rsp_7",3
132,"rsp_8",3
132,"rsp_9",2
132,"rsp_10",1
133,"rsp_1",1
133,"rsp_2",1
133,"rsp_3",1
133,"rsp_4",1
133,"rsp_5",1
133,"rsp_6",2
133,"rsp_7",1
133,"rsp_8",2
133,"rsp_9",1
133,"rsp_10",1
134,"rsp_1",2
134,"rsp_2",1
134,"rsp_3",1
134,"rsp_4",1
134,"rsp_5",1
134,"rsp_6",2
134,"rsp_7",1
134,"rsp_8",2
134,"rsp_9",1
134,"rsp_10",1
135,"rsp_1",3
135,"rsp_2",1
135,"rsp_3",1
135,"rsp_4",1
135,"rsp_5",1
135,"rsp_6",2
135,"rsp_7",2
135,"rsp_8",3
135,"rsp_9",2
135,"rsp_10",2
136,"rsp_1",2
136,"rsp_2",3
136,"rsp_3",1
136,"rsp_4",3
136,"rsp_5",2
136,"rsp_6",1
136,"rsp_7",3
136,"rsp_8",2
136,"rsp_9",3
136,"rsp_10",3
137,"rsp_1",3
137,"rsp_2",3
137,"rsp_3",3
137,"rsp_4",3
137,"rsp_5",3
137,"rsp_6",3
137,"rsp_7",3
137,"rsp_8",3
137,"rsp_9",3
137,"rsp_10",3
138,"rsp_1",2
138,"rsp_2",1
138,"rsp_3",2
138,"rsp_4",2
138,"rsp_5",1
138,"rsp_6",2
138,"rsp_7",3
138,"rsp_8",1
138,"rsp_9",3
138,"rsp_10",3
139,"rsp_1",1
139,"rsp_2",1
139,"rsp_3",1
139,"rsp_4",3
139,"rsp_5",1
139,"rsp_6",2
139,"rsp_7",3
139,"rsp_8",3
139,"rsp_9",3
139,"rsp_10",3
140,"rsp_1",3
140,"rsp_2",1
140,"rsp_3",2
140,"rsp_4",2
140,"rsp_5",1
140,"rsp_6",2
140,"rsp_7",3
140,"rsp_8",1
140,"rsp_9",3
140,"rsp_10",3
141,"rsp_1",3
141,"rsp_2",2
141,"rsp_3",1
141,"rsp_4",1
141,"rsp_5",3
141,"rsp_6",3
141,"rsp_7",2
141,"rsp_8",2
141,"rsp_9",2
141,"rsp_10",3
142,"rsp_1",3
142,"rsp_2",3
142,"rsp_3",2
142,"rsp_4",3
142,"rsp_5",1
142,"rsp_6",3
142,"rsp_7",3
142,"rsp_8",3
142,"rsp_9",3
142,"rsp_10",1
143,"rsp_1",3
143,"rsp_2",1
143,"rsp_3",1
143,"rsp_4",1
143,"rsp_5",1
143,"rsp_6",3
143,"rsp_7",3
143,"rsp_8",1
143,"rsp_9",2
143,"rsp_10",2
144,"rsp_1",1
144,"rsp_2",1
144,"rsp_3",1
144,"rsp_4",1
144,"rsp_5",1
144,"rsp_6",1
144,"rsp_7",1
144,"rsp_8",1
144,"rsp_9",1
144,"rsp_10",1
145,"rsp_1",2
145,"rsp_2",3
145,"rsp_3",1
145,"rsp_4",1
145,"rsp_5",1
145,"rsp_6",3
145,"rsp_7",3
145,"rsp_8",3
145,"rsp_9",3
145,"rsp_10",3
146,"rsp_1",3
146,"rsp_2",3
146,"rsp_3",1
146,"rsp_4",3
146,"rsp_5",3
146,"rsp_6",1
146,"rsp_7",3
146,"rsp_8",1
146,"rsp_9",3
146,"rsp_10",3
147,"rsp_1",2
147,"rsp_2",1
147,"rsp_3",1
147,"rsp_4",1
147,"rsp_5",1
147,"rsp_6",1
147,"rsp_7",3
147,"rsp_8",2
147,"rsp_9",3
147,"rsp_10",1
148,"rsp_1",3
148,"rsp_2",3
148,"rsp_3",3
148,"rsp_4",3
148,"rsp_5",1
148,"rsp_6",3
148,"rsp_7",3
148,"rsp_8",3
148,"rsp_9",3
148,"rsp_10",3
149,"rsp_1",1
149,"rsp_2",1
149,"rsp_3",1
149,"rsp_4",1
149,"rsp_5",1
149,"rsp_6",1
149,"rsp_7",1
149,"rsp_8",1
149,"rsp_9",1
149,"rsp_10",1
150,"rsp_1",2
150,"rsp_2",1
150,"rsp_3",3
150,"rsp_4",3
150,"rsp_5",1
150,"rsp_6",2
150,"rsp_7",3
150,"rsp_8",3
150,"rsp_9",1
150,"rsp_10",1
151,"rsp_1",1
151,"rsp_2",1
151,"rsp_3",1
151,"rsp_4",1
151,"rsp_5",1
151,"rsp_6",1
151,"rsp_7",1
151,"rsp_8",1
151,"rsp_9",1
151,"rsp_10",1
152,"rsp_1",3
152,"rsp_2",1
152,"rsp_3",1
152,"rsp_4",1
152,"rsp_5",1
152,"rsp_6",3
152,"rsp_7",3
152,"rsp_8",3
152,"rsp_9",3
152,"rsp_10",3
153,"rsp_1",2
153,"rsp_2",3
153,"rsp_3",3
153,"rsp_4",3
153,"rsp_5",2
153,"rsp_6",1
153,"rsp_7",1
153,"rsp_8",3
153,"rsp_9",1
153,"rsp_10",3
154,"rsp_1",1
154,"rsp_2",1
154,"rsp_3",1
154,"rsp_4",1
154,"rsp_5",1
154,"rsp_6",1
154,"rsp_7",2
154,"rsp_8",2
154,"rsp_9",3
154,"rsp_10",2
155,"rsp_1",3
155,"rsp_2",2
155,"rsp_3",1
155,"rsp_4",3
155,"rsp_5",1
155,"rsp_6",3
155,"rsp_7",3
155,"rsp_8",3
155,"rsp_9",3
155,"rsp_10",1
156,"rsp_1",3
156,"rsp_2",1
156,"rsp_3",1
156,"rsp_4",1
156,"rsp_5",1
156,"rsp_6",1
156,"rsp_7",1
156,"rsp_8",1
156,"rsp_9",1
156,"rsp_10",1
157,"rsp_1",3
157,"rsp_2",1
157,"rsp_3",1
157,"rsp_4",3
157,"rsp_5",1
157,"rsp_6",1
157,"rsp_7",3
157,"rsp_8",1
157,"rsp_9",3
157,"rsp_10",3
158,"rsp_1",1
158,"rsp_2",1
158,"rsp_3",1
158,"rsp_4",1
158,"rsp_5",1
158,"rsp_6",1
158,"rsp_7",1
158,"rsp_8",1
158,"rsp_9",1
158,"rsp_10",1
159,"rsp_1",2
159,"rsp_2",1
159,"rsp_3",1
159,"rsp_4",2
159,"rsp_5",2
159,"rsp_6",2
159,"rsp_7",3
159,"rsp_8",3
159,"rsp_9",3
159,"rsp_10",3
160,"rsp_1",1
160,"rsp_2",1
160,"rsp_3",2
160,"rsp_4",1
160,"rsp_5",1
160,"rsp_6",3
160,"rsp_7",3
160,"rsp_8",1
160,"rsp_9",2
160,"rsp_10",3
161,"rsp_1",3
161,"rsp_2",1
161,"rsp_3",1
161,"rsp_4",1
161,"rsp_5",1
161,"rsp_6",3
161,"rsp_7",2
161,"rsp_8",1
161,"rsp_9",1
161,"rsp_10",1
162,"rsp_1",2
162,"rsp_2",1
162,"rsp_3",1
162,"rsp_4",1
162,"rsp_5",1
162,"rsp_6",1
162,"rsp_7",2
162,"rsp_8",3
162,"rsp_9",3
162,"rsp_10",3
163,"rsp_1",3
163,"rsp_2",1
163,"rsp_3",2
163,"rsp_4",1
163,"rsp_5",2
163,"rsp_6",3
163,"rsp_7",3
163,"rsp_8",3
163,"rsp_9",3
163,"rsp_10",1
164,"rsp_1",1
164,"rsp_2",1
164,"rsp_3",1
164,"rsp_4",1
164,"rsp_5",1
164,"rsp_6",1
164,"rsp_7",1
164,"rsp_8",1
164,"rsp_9",1
164,"rsp_10",1
165,"rsp_1",1
165,"rsp_2",2
165,"rsp_3",1
165,"rsp_4",1
165,"rsp_5",1
165,"rsp_6",1
165,"rsp_7",3
165,"rsp_8",3
165,"rsp_9",1
165,"rsp_10",2
166,"rsp_1",1
166,"rsp_2",1
166,"rsp_3",1
166,"rsp_4",1
166,"rsp_5",1
166,"rsp_6",1
166,"rsp_7",1
166,"rsp_8",1
166,"rsp_9",2
166,"rsp_10",2
