"Subject...1","game","choice"
1,"hdg_1",1
1,"hdg_2",1
1,"hdg_3",0
1,"hdg_4",0
1,"hdg_5",1
1,"hdg_6",0
1,"hdg_7",1
1,"hdg_8",1
1,"hdg_9",1
1,"hdg_10",1
2,"hdg_1",1
2,"hdg_2",1
2,"hdg_3",1
2,"hdg_4",1
2,"hdg_5",1
2,"hdg_6",0
2,"hdg_7",0
2,"hdg_8",1
2,"hdg_9",1
2,"hdg_10",0
3,"hdg_1",1
3,"hdg_2",0
3,"hdg_3",1
3,"hdg_4",1
3,"hdg_5",1
3,"hdg_6",0
3,"hdg_7",1
3,"hdg_8",1
3,"hdg_9",1
3,"hdg_10",1
4,"hdg_1",1
4,"hdg_2",1
4,"hdg_3",0
4,"hdg_4",0
4,"hdg_5",1
4,"hdg_6",0
4,"hdg_7",1
4,"hdg_8",1
4,"hdg_9",1
4,"hdg_10",1
5,"hdg_1",1
5,"hdg_2",1
5,"hdg_3",1
5,"hdg_4",1
5,"hdg_5",1
5,"hdg_6",0
5,"hdg_7",1
5,"hdg_8",1
5,"hdg_9",1
5,"hdg_10",0
6,"hdg_1",0
6,"hdg_2",0
6,"hdg_3",1
6,"hdg_4",1
6,"hdg_5",1
6,"hdg_6",0
6,"hdg_7",1
6,"hdg_8",1
6,"hdg_9",1
6,"hdg_10",1
7,"hdg_1",1
7,"hdg_2",1
7,"hdg_3",1
7,"hdg_4",1
7,"hdg_5",1
7,"hdg_6",0
7,"hdg_7",1
7,"hdg_8",1
7,"hdg_9",1
7,"hdg_10",1
8,"hdg_1",0
8,"hdg_2",0
8,"hdg_3",1
8,"hdg_4",0
8,"hdg_5",1
8,"hdg_6",0
8,"hdg_7",0
8,"hdg_8",0
8,"hdg_9",0
8,"hdg_10",0
9,"hdg_1",0
9,"hdg_2",1
9,"hdg_3",1
9,"hdg_4",1
9,"hdg_5",1
9,"hdg_6",0
9,"hdg_7",0
9,"hdg_8",1
9,"hdg_9",0
9,"hdg_10",0
10,"hdg_1",0
10,"hdg_2",0
10,"hdg_3",1
10,"hdg_4",0
10,"hdg_5",1
10,"hdg_6",0
10,"hdg_7",0
10,"hdg_8",1
10,"hdg_9",0
10,"hdg_10",1
11,"hdg_1",0
11,"hdg_2",0
11,"hdg_3",0
11,"hdg_4",0
11,"hdg_5",1
11,"hdg_6",0
11,"hdg_7",0
11,"hdg_8",0
11,"hdg_9",1
11,"hdg_10",1
12,"hdg_1",0
12,"hdg_2",1
12,"hdg_3",0
12,"hdg_4",1
12,"hdg_5",1
12,"hdg_6",0
12,"hdg_7",0
12,"hdg_8",1
12,"hdg_9",1
12,"hdg_10",1
13,"hdg_1",1
13,"hdg_2",0
13,"hdg_3",0
13,"hdg_4",0
13,"hdg_5",1
13,"hdg_6",0
13,"hdg_7",0
13,"hdg_8",0
13,"hdg_9",0
13,"hdg_10",0
14,"hdg_1",0
14,"hdg_2",1
14,"hdg_3",0
14,"hdg_4",1
14,"hdg_5",1
14,"hdg_6",1
14,"hdg_7",1
14,"hdg_8",1
14,"hdg_9",1
14,"hdg_10",1
15,"hdg_1",1
15,"hdg_2",1
15,"hdg_3",0
15,"hdg_4",0
15,"hdg_5",1
15,"hdg_6",1
15,"hdg_7",1
15,"hdg_8",0
15,"hdg_9",1
15,"hdg_10",1
16,"hdg_1",0
16,"hdg_2",0
16,"hdg_3",0
16,"hdg_4",0
16,"hdg_5",0
16,"hdg_6",0
16,"hdg_7",0
16,"hdg_8",0
16,"hdg_9",0
16,"hdg_10",0
17,"hdg_1",1
17,"hdg_2",1
17,"hdg_3",0
17,"hdg_4",0
17,"hdg_5",1
17,"hdg_6",1
17,"hdg_7",0
17,"hdg_8",0
17,"hdg_9",1
17,"hdg_10",0
18,"hdg_1",1
18,"hdg_2",1
18,"hdg_3",1
18,"hdg_4",0
18,"hdg_5",1
18,"hdg_6",1
18,"hdg_7",0
18,"hdg_8",0
18,"hdg_9",0
18,"hdg_10",0
19,"hdg_1",1
19,"hdg_2",0
19,"hdg_3",1
19,"hdg_4",1
19,"hdg_5",1
19,"hdg_6",1
19,"hdg_7",0
19,"hdg_8",1
19,"hdg_9",0
19,"hdg_10",1
20,"hdg_1",1
20,"hdg_2",1
20,"hdg_3",1
20,"hdg_4",1
20,"hdg_5",1
20,"hdg_6",1
20,"hdg_7",1
20,"hdg_8",1
20,"hdg_9",1
20,"hdg_10",1
21,"hdg_1",1
21,"hdg_2",1
21,"hdg_3",1
21,"hdg_4",1
21,"hdg_5",1
21,"hdg_6",1
21,"hdg_7",0
21,"hdg_8",1
21,"hdg_9",1
21,"hdg_10",0
22,"hdg_1",0
22,"hdg_2",1
22,"hdg_3",0
22,"hdg_4",1
22,"hdg_5",1
22,"hdg_6",1
22,"hdg_7",0
22,"hdg_8",1
22,"hdg_9",1
22,"hdg_10",0
23,"hdg_1",0
23,"hdg_2",0
23,"hdg_3",0
23,"hdg_4",0
23,"hdg_5",0
23,"hdg_6",0
23,"hdg_7",0
23,"hdg_8",0
23,"hdg_9",0
23,"hdg_10",0
24,"hdg_1",1
24,"hdg_2",0
24,"hdg_3",0
24,"hdg_4",1
24,"hdg_5",1
24,"hdg_6",0
24,"hdg_7",0
24,"hdg_8",1
24,"hdg_9",1
24,"hdg_10",1
25,"hdg_1",0
25,"hdg_2",1
25,"hdg_3",0
25,"hdg_4",0
25,"hdg_5",0
25,"hdg_6",0
25,"hdg_7",1
25,"hdg_8",1
25,"hdg_9",1
25,"hdg_10",0
26,"hdg_1",1
26,"hdg_2",1
26,"hdg_3",0
26,"hdg_4",0
26,"hdg_5",1
26,"hdg_6",0
26,"hdg_7",1
26,"hdg_8",1
26,"hdg_9",0
26,"hdg_10",0
27,"hdg_1",1
27,"hdg_2",1
27,"hdg_3",1
27,"hdg_4",1
27,"hdg_5",1
27,"hdg_6",1
27,"hdg_7",0
27,"hdg_8",1
27,"hdg_9",0
27,"hdg_10",0
28,"hdg_1",0
28,"hdg_2",0
28,"hdg_3",0
28,"hdg_4",0
28,"hdg_5",0
28,"hdg_6",0
28,"hdg_7",0
28,"hdg_8",0
28,"hdg_9",0
28,"hdg_10",0
29,"hdg_1",1
29,"hdg_2",1
29,"hdg_3",0
29,"hdg_4",1
29,"hdg_5",1
29,"hdg_6",0
29,"hdg_7",1
29,"hdg_8",1
29,"hdg_9",1
29,"hdg_10",0
30,"hdg_1",0
30,"hdg_2",1
30,"hdg_3",1
30,"hdg_4",1
30,"hdg_5",0
30,"hdg_6",0
30,"hdg_7",1
30,"hdg_8",1
30,"hdg_9",1
30,"hdg_10",0
31,"hdg_1",1
31,"hdg_2",1
31,"hdg_3",1
31,"hdg_4",1
31,"hdg_5",1
31,"hdg_6",1
31,"hdg_7",1
31,"hdg_8",1
31,"hdg_9",1
31,"hdg_10",1
32,"hdg_1",1
32,"hdg_2",1
32,"hdg_3",1
32,"hdg_4",1
32,"hdg_5",1
32,"hdg_6",1
32,"hdg_7",1
32,"hdg_8",1
32,"hdg_9",1
32,"hdg_10",1
33,"hdg_1",1
33,"hdg_2",0
33,"hdg_3",1
33,"hdg_4",1
33,"hdg_5",1
33,"hdg_6",0
33,"hdg_7",1
33,"hdg_8",1
33,"hdg_9",1
33,"hdg_10",1
34,"hdg_1",1
34,"hdg_2",1
34,"hdg_3",1
34,"hdg_4",1
34,"hdg_5",1
34,"hdg_6",0
34,"hdg_7",0
34,"hdg_8",1
34,"hdg_9",0
34,"hdg_10",0
35,"hdg_1",1
35,"hdg_2",0
35,"hdg_3",1
35,"hdg_4",1
35,"hdg_5",0
35,"hdg_6",0
35,"hdg_7",0
35,"hdg_8",0
35,"hdg_9",0
35,"hdg_10",0
36,"hdg_1",0
36,"hdg_2",1
36,"hdg_3",1
36,"hdg_4",1
36,"hdg_5",1
36,"hdg_6",0
36,"hdg_7",0
36,"hdg_8",0
36,"hdg_9",0
36,"hdg_10",0
37,"hdg_1",1
37,"hdg_2",1
37,"hdg_3",1
37,"hdg_4",0
37,"hdg_5",1
37,"hdg_6",0
37,"hdg_7",0
37,"hdg_8",0
37,"hdg_9",1
37,"hdg_10",0
38,"hdg_1",1
38,"hdg_2",1
38,"hdg_3",1
38,"hdg_4",0
38,"hdg_5",1
38,"hdg_6",0
38,"hdg_7",0
38,"hdg_8",1
38,"hdg_9",1
38,"hdg_10",1
39,"hdg_1",1
39,"hdg_2",0
39,"hdg_3",1
39,"hdg_4",1
39,"hdg_5",1
39,"hdg_6",0
39,"hdg_7",0
39,"hdg_8",0
39,"hdg_9",0
39,"hdg_10",0
40,"hdg_1",1
40,"hdg_2",1
40,"hdg_3",1
40,"hdg_4",1
40,"hdg_5",0
40,"hdg_6",0
40,"hdg_7",0
40,"hdg_8",0
40,"hdg_9",0
40,"hdg_10",0
41,"hdg_1",1
41,"hdg_2",0
41,"hdg_3",1
41,"hdg_4",1
41,"hdg_5",0
41,"hdg_6",0
41,"hdg_7",0
41,"hdg_8",0
41,"hdg_9",0
41,"hdg_10",0
42,"hdg_1",1
42,"hdg_2",0
42,"hdg_3",0
42,"hdg_4",1
42,"hdg_5",1
42,"hdg_6",0
42,"hdg_7",0
42,"hdg_8",1
42,"hdg_9",1
42,"hdg_10",0
43,"hdg_1",1
43,"hdg_2",1
43,"hdg_3",0
43,"hdg_4",0
43,"hdg_5",0
43,"hdg_6",0
43,"hdg_7",1
43,"hdg_8",1
43,"hdg_9",1
43,"hdg_10",0
44,"hdg_1",1
44,"hdg_2",1
44,"hdg_3",1
44,"hdg_4",1
44,"hdg_5",1
44,"hdg_6",0
44,"hdg_7",0
44,"hdg_8",0
44,"hdg_9",0
44,"hdg_10",0
45,"hdg_1",1
45,"hdg_2",0
45,"hdg_3",1
45,"hdg_4",1
45,"hdg_5",1
45,"hdg_6",0
45,"hdg_7",1
45,"hdg_8",1
45,"hdg_9",1
45,"hdg_10",0
46,"hdg_1",1
46,"hdg_2",1
46,"hdg_3",1
46,"hdg_4",1
46,"hdg_5",1
46,"hdg_6",0
46,"hdg_7",0
46,"hdg_8",0
46,"hdg_9",0
46,"hdg_10",0
47,"hdg_1",1
47,"hdg_2",1
47,"hdg_3",1
47,"hdg_4",1
47,"hdg_5",1
47,"hdg_6",0
47,"hdg_7",1
47,"hdg_8",1
47,"hdg_9",1
47,"hdg_10",1
48,"hdg_1",0
48,"hdg_2",1
48,"hdg_3",1
48,"hdg_4",0
48,"hdg_5",1
48,"hdg_6",0
48,"hdg_7",0
48,"hdg_8",1
48,"hdg_9",1
48,"hdg_10",1
49,"hdg_1",1
49,"hdg_2",1
49,"hdg_3",1
49,"hdg_4",1
49,"hdg_5",1
49,"hdg_6",1
49,"hdg_7",1
49,"hdg_8",1
49,"hdg_9",1
49,"hdg_10",1
50,"hdg_1",0
50,"hdg_2",1
50,"hdg_3",0
50,"hdg_4",0
50,"hdg_5",1
50,"hdg_6",0
50,"hdg_7",1
50,"hdg_8",1
50,"hdg_9",0
50,"hdg_10",1
51,"hdg_1",0
51,"hdg_2",1
51,"hdg_3",1
51,"hdg_4",1
51,"hdg_5",1
51,"hdg_6",0
51,"hdg_7",0
51,"hdg_8",1
51,"hdg_9",1
51,"hdg_10",1
52,"hdg_1",1
52,"hdg_2",0
52,"hdg_3",1
52,"hdg_4",1
52,"hdg_5",1
52,"hdg_6",0
52,"hdg_7",0
52,"hdg_8",0
52,"hdg_9",0
52,"hdg_10",0
53,"hdg_1",0
53,"hdg_2",1
53,"hdg_3",0
53,"hdg_4",1
53,"hdg_5",0
53,"hdg_6",0
53,"hdg_7",0
53,"hdg_8",0
53,"hdg_9",0
53,"hdg_10",0
54,"hdg_1",0
54,"hdg_2",1
54,"hdg_3",1
54,"hdg_4",0
54,"hdg_5",0
54,"hdg_6",1
54,"hdg_7",0
54,"hdg_8",1
54,"hdg_9",0
54,"hdg_10",1
55,"hdg_1",0
55,"hdg_2",0
55,"hdg_3",0
55,"hdg_4",0
55,"hdg_5",1
55,"hdg_6",0
55,"hdg_7",1
55,"hdg_8",1
55,"hdg_9",1
55,"hdg_10",0
56,"hdg_1",0
56,"hdg_2",0
56,"hdg_3",1
56,"hdg_4",0
56,"hdg_5",1
56,"hdg_6",0
56,"hdg_7",0
56,"hdg_8",0
56,"hdg_9",0
56,"hdg_10",0
57,"hdg_1",1
57,"hdg_2",0
57,"hdg_3",0
57,"hdg_4",1
57,"hdg_5",1
57,"hdg_6",0
57,"hdg_7",0
57,"hdg_8",0
57,"hdg_9",1
57,"hdg_10",0
58,"hdg_1",0
58,"hdg_2",1
58,"hdg_3",0
58,"hdg_4",1
58,"hdg_5",1
58,"hdg_6",0
58,"hdg_7",1
58,"hdg_8",0
58,"hdg_9",1
58,"hdg_10",0
59,"hdg_1",0
59,"hdg_2",0
59,"hdg_3",1
59,"hdg_4",1
59,"hdg_5",1
59,"hdg_6",1
59,"hdg_7",1
59,"hdg_8",0
59,"hdg_9",1
59,"hdg_10",0
60,"hdg_1",1
60,"hdg_2",1
60,"hdg_3",1
60,"hdg_4",1
60,"hdg_5",1
60,"hdg_6",0
60,"hdg_7",0
60,"hdg_8",1
60,"hdg_9",0
60,"hdg_10",0
61,"hdg_1",1
61,"hdg_2",1
61,"hdg_3",0
61,"hdg_4",0
61,"hdg_5",0
61,"hdg_6",1
61,"hdg_7",1
61,"hdg_8",1
61,"hdg_9",1
61,"hdg_10",1
62,"hdg_1",1
62,"hdg_2",0
62,"hdg_3",1
62,"hdg_4",1
62,"hdg_5",1
62,"hdg_6",1
62,"hdg_7",1
62,"hdg_8",1
62,"hdg_9",1
62,"hdg_10",0
63,"hdg_1",0
63,"hdg_2",0
63,"hdg_3",0
63,"hdg_4",1
63,"hdg_5",0
63,"hdg_6",0
63,"hdg_7",1
63,"hdg_8",0
63,"hdg_9",0
63,"hdg_10",0
64,"hdg_1",0
64,"hdg_2",1
64,"hdg_3",1
64,"hdg_4",1
64,"hdg_5",1
64,"hdg_6",0
64,"hdg_7",1
64,"hdg_8",1
64,"hdg_9",1
64,"hdg_10",0
65,"hdg_1",1
65,"hdg_2",0
65,"hdg_3",1
65,"hdg_4",0
65,"hdg_5",1
65,"hdg_6",1
65,"hdg_7",1
65,"hdg_8",0
65,"hdg_9",1
65,"hdg_10",0
66,"hdg_1",0
66,"hdg_2",1
66,"hdg_3",0
66,"hdg_4",1
66,"hdg_5",1
66,"hdg_6",1
66,"hdg_7",1
66,"hdg_8",1
66,"hdg_9",0
66,"hdg_10",0
67,"hdg_1",1
67,"hdg_2",0
67,"hdg_3",1
67,"hdg_4",0
67,"hdg_5",1
67,"hdg_6",0
67,"hdg_7",0
67,"hdg_8",1
67,"hdg_9",1
67,"hdg_10",0
68,"hdg_1",1
68,"hdg_2",1
68,"hdg_3",1
68,"hdg_4",1
68,"hdg_5",1
68,"hdg_6",1
68,"hdg_7",1
68,"hdg_8",1
68,"hdg_9",1
68,"hdg_10",1
69,"hdg_1",0
69,"hdg_2",0
69,"hdg_3",0
69,"hdg_4",0
69,"hdg_5",1
69,"hdg_6",0
69,"hdg_7",1
69,"hdg_8",1
69,"hdg_9",0
69,"hdg_10",0
70,"hdg_1",0
70,"hdg_2",1
70,"hdg_3",1
70,"hdg_4",1
70,"hdg_5",1
70,"hdg_6",0
70,"hdg_7",0
70,"hdg_8",1
70,"hdg_9",0
70,"hdg_10",1
71,"hdg_1",0
71,"hdg_2",1
71,"hdg_3",0
71,"hdg_4",1
71,"hdg_5",1
71,"hdg_6",1
71,"hdg_7",0
71,"hdg_8",0
71,"hdg_9",1
71,"hdg_10",0
72,"hdg_1",0
72,"hdg_2",1
72,"hdg_3",0
72,"hdg_4",0
72,"hdg_5",1
72,"hdg_6",0
72,"hdg_7",1
72,"hdg_8",1
72,"hdg_9",0
72,"hdg_10",1
73,"hdg_1",1
73,"hdg_2",0
73,"hdg_3",0
73,"hdg_4",1
73,"hdg_5",1
73,"hdg_6",0
73,"hdg_7",0
73,"hdg_8",0
73,"hdg_9",0
73,"hdg_10",1
74,"hdg_1",0
74,"hdg_2",1
74,"hdg_3",0
74,"hdg_4",0
74,"hdg_5",0
74,"hdg_6",0
74,"hdg_7",0
74,"hdg_8",1
74,"hdg_9",1
74,"hdg_10",0
75,"hdg_1",1
75,"hdg_2",1
75,"hdg_3",1
75,"hdg_4",1
75,"hdg_5",1
75,"hdg_6",1
75,"hdg_7",1
75,"hdg_8",1
75,"hdg_9",1
75,"hdg_10",1
76,"hdg_1",1
76,"hdg_2",0
76,"hdg_3",1
76,"hdg_4",1
76,"hdg_5",0
76,"hdg_6",0
76,"hdg_7",0
76,"hdg_8",1
76,"hdg_9",0
76,"hdg_10",0
77,"hdg_1",0
77,"hdg_2",1
77,"hdg_3",1
77,"hdg_4",1
77,"hdg_5",1
77,"hdg_6",0
77,"hdg_7",1
77,"hdg_8",1
77,"hdg_9",0
77,"hdg_10",0
78,"hdg_1",1
78,"hdg_2",1
78,"hdg_3",1
78,"hdg_4",1
78,"hdg_5",1
78,"hdg_6",1
78,"hdg_7",1
78,"hdg_8",1
78,"hdg_9",1
78,"hdg_10",1
79,"hdg_1",1
79,"hdg_2",1
79,"hdg_3",1
79,"hdg_4",1
79,"hdg_5",1
79,"hdg_6",1
79,"hdg_7",1
79,"hdg_8",1
79,"hdg_9",1
79,"hdg_10",0
80,"hdg_1",1
80,"hdg_2",1
80,"hdg_3",1
80,"hdg_4",1
80,"hdg_5",1
80,"hdg_6",1
80,"hdg_7",1
80,"hdg_8",1
80,"hdg_9",1
80,"hdg_10",1
81,"hdg_1",1
81,"hdg_2",1
81,"hdg_3",1
81,"hdg_4",1
81,"hdg_5",1
81,"hdg_6",1
81,"hdg_7",1
81,"hdg_8",1
81,"hdg_9",1
81,"hdg_10",1
82,"hdg_1",0
82,"hdg_2",0
82,"hdg_3",1
82,"hdg_4",1
82,"hdg_5",1
82,"hdg_6",1
82,"hdg_7",1
82,"hdg_8",0
82,"hdg_9",0
82,"hdg_10",0
83,"hdg_1",1
83,"hdg_2",1
83,"hdg_3",1
83,"hdg_4",1
83,"hdg_5",1
83,"hdg_6",1
83,"hdg_7",1
83,"hdg_8",1
83,"hdg_9",1
83,"hdg_10",1
84,"hdg_1",0
84,"hdg_2",1
84,"hdg_3",1
84,"hdg_4",1
84,"hdg_5",1
84,"hdg_6",1
84,"hdg_7",1
84,"hdg_8",0
84,"hdg_9",0
84,"hdg_10",0
85,"hdg_1",0
85,"hdg_2",0
85,"hdg_3",1
85,"hdg_4",1
85,"hdg_5",1
85,"hdg_6",1
85,"hdg_7",1
85,"hdg_8",1
85,"hdg_9",1
85,"hdg_10",0
86,"hdg_1",0
86,"hdg_2",1
86,"hdg_3",1
86,"hdg_4",1
86,"hdg_5",1
86,"hdg_6",0
86,"hdg_7",1
86,"hdg_8",0
86,"hdg_9",1
86,"hdg_10",0
87,"hdg_1",0
87,"hdg_2",1
87,"hdg_3",1
87,"hdg_4",1
87,"hdg_5",1
87,"hdg_6",1
87,"hdg_7",1
87,"hdg_8",1
87,"hdg_9",0
87,"hdg_10",0
88,"hdg_1",0
88,"hdg_2",1
88,"hdg_3",1
88,"hdg_4",0
88,"hdg_5",1
88,"hdg_6",0
88,"hdg_7",1
88,"hdg_8",1
88,"hdg_9",0
88,"hdg_10",1
89,"hdg_1",1
89,"hdg_2",1
89,"hdg_3",1
89,"hdg_4",1
89,"hdg_5",0
89,"hdg_6",0
89,"hdg_7",1
89,"hdg_8",0
89,"hdg_9",0
89,"hdg_10",0
90,"hdg_1",1
90,"hdg_2",1
90,"hdg_3",1
90,"hdg_4",1
90,"hdg_5",1
90,"hdg_6",0
90,"hdg_7",0
90,"hdg_8",1
90,"hdg_9",0
90,"hdg_10",0
91,"hdg_1",0
91,"hdg_2",0
91,"hdg_3",0
91,"hdg_4",0
91,"hdg_5",1
91,"hdg_6",1
91,"hdg_7",0
91,"hdg_8",1
91,"hdg_9",0
91,"hdg_10",0
92,"hdg_1",1
92,"hdg_2",1
92,"hdg_3",1
92,"hdg_4",1
92,"hdg_5",1
92,"hdg_6",1
92,"hdg_7",1
92,"hdg_8",1
92,"hdg_9",0
92,"hdg_10",1
93,"hdg_1",0
93,"hdg_2",0
93,"hdg_3",1
93,"hdg_4",1
93,"hdg_5",1
93,"hdg_6",0
93,"hdg_7",0
93,"hdg_8",0
93,"hdg_9",0
93,"hdg_10",0
94,"hdg_1",0
94,"hdg_2",0
94,"hdg_3",0
94,"hdg_4",0
94,"hdg_5",1
94,"hdg_6",0
94,"hdg_7",0
94,"hdg_8",1
94,"hdg_9",1
94,"hdg_10",0
95,"hdg_1",0
95,"hdg_2",1
95,"hdg_3",1
95,"hdg_4",1
95,"hdg_5",0
95,"hdg_6",1
95,"hdg_7",1
95,"hdg_8",0
95,"hdg_9",1
95,"hdg_10",0
96,"hdg_1",1
96,"hdg_2",1
96,"hdg_3",1
96,"hdg_4",1
96,"hdg_5",1
96,"hdg_6",0
96,"hdg_7",1
96,"hdg_8",1
96,"hdg_9",0
96,"hdg_10",1
97,"hdg_1",0
97,"hdg_2",0
97,"hdg_3",0
97,"hdg_4",1
97,"hdg_5",1
97,"hdg_6",0
97,"hdg_7",1
97,"hdg_8",0
97,"hdg_9",0
97,"hdg_10",1
98,"hdg_1",1
98,"hdg_2",0
98,"hdg_3",1
98,"hdg_4",0
98,"hdg_5",1
98,"hdg_6",0
98,"hdg_7",1
98,"hdg_8",0
98,"hdg_9",0
98,"hdg_10",0
99,"hdg_1",0
99,"hdg_2",0
99,"hdg_3",1
99,"hdg_4",0
99,"hdg_5",1
99,"hdg_6",0
99,"hdg_7",1
99,"hdg_8",1
99,"hdg_9",0
99,"hdg_10",0
100,"hdg_1",1
100,"hdg_2",1
100,"hdg_3",1
100,"hdg_4",1
100,"hdg_5",1
100,"hdg_6",1
100,"hdg_7",1
100,"hdg_8",1
100,"hdg_9",1
100,"hdg_10",1
101,"hdg_1",0
101,"hdg_2",0
101,"hdg_3",1
101,"hdg_4",1
101,"hdg_5",1
101,"hdg_6",1
101,"hdg_7",0
101,"hdg_8",1
101,"hdg_9",0
101,"hdg_10",1
102,"hdg_1",0
102,"hdg_2",1
102,"hdg_3",1
102,"hdg_4",0
102,"hdg_5",1
102,"hdg_6",0
102,"hdg_7",1
102,"hdg_8",0
102,"hdg_9",1
102,"hdg_10",0
103,"hdg_1",1
103,"hdg_2",1
103,"hdg_3",0
103,"hdg_4",0
103,"hdg_5",1
103,"hdg_6",1
103,"hdg_7",0
103,"hdg_8",1
103,"hdg_9",1
103,"hdg_10",1
104,"hdg_1",1
104,"hdg_2",0
104,"hdg_3",1
104,"hdg_4",1
104,"hdg_5",1
104,"hdg_6",0
104,"hdg_7",1
104,"hdg_8",1
104,"hdg_9",1
104,"hdg_10",0
105,"hdg_1",1
105,"hdg_2",1
105,"hdg_3",1
105,"hdg_4",1
105,"hdg_5",1
105,"hdg_6",0
105,"hdg_7",1
105,"hdg_8",0
105,"hdg_9",0
105,"hdg_10",1
106,"hdg_1",1
106,"hdg_2",1
106,"hdg_3",1
106,"hdg_4",1
106,"hdg_5",0
106,"hdg_6",1
106,"hdg_7",1
106,"hdg_8",1
106,"hdg_9",1
106,"hdg_10",1
107,"hdg_1",0
107,"hdg_2",0
107,"hdg_3",1
107,"hdg_4",1
107,"hdg_5",1
107,"hdg_6",0
107,"hdg_7",0
107,"hdg_8",1
107,"hdg_9",1
107,"hdg_10",1
108,"hdg_1",1
108,"hdg_2",1
108,"hdg_3",1
108,"hdg_4",1
108,"hdg_5",1
108,"hdg_6",0
108,"hdg_7",1
108,"hdg_8",1
108,"hdg_9",1
108,"hdg_10",1
109,"hdg_1",0
109,"hdg_2",0
109,"hdg_3",0
109,"hdg_4",1
109,"hdg_5",1
109,"hdg_6",1
109,"hdg_7",0
109,"hdg_8",0
109,"hdg_9",1
109,"hdg_10",0
110,"hdg_1",0
110,"hdg_2",0
110,"hdg_3",0
110,"hdg_4",0
110,"hdg_5",0
110,"hdg_6",0
110,"hdg_7",0
110,"hdg_8",0
110,"hdg_9",0
110,"hdg_10",0
111,"hdg_1",1
111,"hdg_2",0
111,"hdg_3",1
111,"hdg_4",1
111,"hdg_5",1
111,"hdg_6",1
111,"hdg_7",1
111,"hdg_8",1
111,"hdg_9",0
111,"hdg_10",0
112,"hdg_1",1
112,"hdg_2",0
112,"hdg_3",1
112,"hdg_4",1
112,"hdg_5",1
112,"hdg_6",0
112,"hdg_7",1
112,"hdg_8",1
112,"hdg_9",0
112,"hdg_10",0
113,"hdg_1",1
113,"hdg_2",1
113,"hdg_3",1
113,"hdg_4",1
113,"hdg_5",1
113,"hdg_6",0
113,"hdg_7",1
113,"hdg_8",1
113,"hdg_9",0
113,"hdg_10",1
114,"hdg_1",0
114,"hdg_2",1
114,"hdg_3",0
114,"hdg_4",1
114,"hdg_5",1
114,"hdg_6",0
114,"hdg_7",0
114,"hdg_8",0
114,"hdg_9",0
114,"hdg_10",0
115,"hdg_1",1
115,"hdg_2",1
115,"hdg_3",1
115,"hdg_4",1
115,"hdg_5",1
115,"hdg_6",1
115,"hdg_7",1
115,"hdg_8",1
115,"hdg_9",1
115,"hdg_10",1
116,"hdg_1",1
116,"hdg_2",1
116,"hdg_3",1
116,"hdg_4",1
116,"hdg_5",1
116,"hdg_6",0
116,"hdg_7",1
116,"hdg_8",1
116,"hdg_9",1
116,"hdg_10",1
117,"hdg_1",0
117,"hdg_2",1
117,"hdg_3",1
117,"hdg_4",1
117,"hdg_5",1
117,"hdg_6",0
117,"hdg_7",1
117,"hdg_8",1
117,"hdg_9",0
117,"hdg_10",0
118,"hdg_1",0
118,"hdg_2",1
118,"hdg_3",0
118,"hdg_4",0
118,"hdg_5",1
118,"hdg_6",1
118,"hdg_7",1
118,"hdg_8",0
118,"hdg_9",0
118,"hdg_10",0
119,"hdg_1",1
119,"hdg_2",1
119,"hdg_3",1
119,"hdg_4",1
119,"hdg_5",1
119,"hdg_6",1
119,"hdg_7",1
119,"hdg_8",1
119,"hdg_9",0
119,"hdg_10",0
120,"hdg_1",0
120,"hdg_2",1
120,"hdg_3",1
120,"hdg_4",1
120,"hdg_5",1
120,"hdg_6",0
120,"hdg_7",1
120,"hdg_8",1
120,"hdg_9",1
120,"hdg_10",0
121,"hdg_1",0
121,"hdg_2",0
121,"hdg_3",1
121,"hdg_4",1
121,"hdg_5",0
121,"hdg_6",0
121,"hdg_7",0
121,"hdg_8",0
121,"hdg_9",0
121,"hdg_10",0
122,"hdg_1",1
122,"hdg_2",0
122,"hdg_3",1
122,"hdg_4",0
122,"hdg_5",0
122,"hdg_6",1
122,"hdg_7",0
122,"hdg_8",1
122,"hdg_9",1
122,"hdg_10",0
123,"hdg_1",1
123,"hdg_2",1
123,"hdg_3",1
123,"hdg_4",1
123,"hdg_5",1
123,"hdg_6",0
123,"hdg_7",0
123,"hdg_8",0
123,"hdg_9",0
123,"hdg_10",0
124,"hdg_1",1
124,"hdg_2",0
124,"hdg_3",1
124,"hdg_4",0
124,"hdg_5",0
124,"hdg_6",0
124,"hdg_7",1
124,"hdg_8",0
124,"hdg_9",1
124,"hdg_10",0
125,"hdg_1",1
125,"hdg_2",1
125,"hdg_3",1
125,"hdg_4",1
125,"hdg_5",1
125,"hdg_6",1
125,"hdg_7",1
125,"hdg_8",1
125,"hdg_9",1
125,"hdg_10",1
126,"hdg_1",0
126,"hdg_2",1
126,"hdg_3",0
126,"hdg_4",1
126,"hdg_5",1
126,"hdg_6",0
126,"hdg_7",1
126,"hdg_8",1
126,"hdg_9",1
126,"hdg_10",0
127,"hdg_1",1
127,"hdg_2",1
127,"hdg_3",1
127,"hdg_4",1
127,"hdg_5",1
127,"hdg_6",1
127,"hdg_7",1
127,"hdg_8",1
127,"hdg_9",1
127,"hdg_10",1
128,"hdg_1",1
128,"hdg_2",1
128,"hdg_3",1
128,"hdg_4",1
128,"hdg_5",1
128,"hdg_6",0
128,"hdg_7",0
128,"hdg_8",1
128,"hdg_9",1
128,"hdg_10",0
129,"hdg_1",0
129,"hdg_2",1
129,"hdg_3",1
129,"hdg_4",1
129,"hdg_5",1
129,"hdg_6",0
129,"hdg_7",0
129,"hdg_8",1
129,"hdg_9",0
129,"hdg_10",1
130,"hdg_1",0
130,"hdg_2",1
130,"hdg_3",1
130,"hdg_4",1
130,"hdg_5",0
130,"hdg_6",1
130,"hdg_7",0
130,"hdg_8",0
130,"hdg_9",0
130,"hdg_10",1
131,"hdg_1",1
131,"hdg_2",1
131,"hdg_3",1
131,"hdg_4",1
131,"hdg_5",1
131,"hdg_6",0
131,"hdg_7",1
131,"hdg_8",0
131,"hdg_9",1
131,"hdg_10",0
132,"hdg_1",0
132,"hdg_2",0
132,"hdg_3",0
132,"hdg_4",0
132,"hdg_5",1
132,"hdg_6",1
132,"hdg_7",0
132,"hdg_8",0
132,"hdg_9",1
132,"hdg_10",1
133,"hdg_1",0
133,"hdg_2",0
133,"hdg_3",0
133,"hdg_4",0
133,"hdg_5",1
133,"hdg_6",0
133,"hdg_7",0
133,"hdg_8",0
133,"hdg_9",0
133,"hdg_10",0
134,"hdg_1",1
134,"hdg_2",1
134,"hdg_3",1
134,"hdg_4",1
134,"hdg_5",1
134,"hdg_6",1
134,"hdg_7",1
134,"hdg_8",1
134,"hdg_9",1
134,"hdg_10",1
135,"hdg_1",1
135,"hdg_2",1
135,"hdg_3",1
135,"hdg_4",1
135,"hdg_5",1
135,"hdg_6",0
135,"hdg_7",1
135,"hdg_8",1
135,"hdg_9",1
135,"hdg_10",0
136,"hdg_1",0
136,"hdg_2",1
136,"hdg_3",1
136,"hdg_4",1
136,"hdg_5",1
136,"hdg_6",0
136,"hdg_7",1
136,"hdg_8",1
136,"hdg_9",1
136,"hdg_10",1
137,"hdg_1",1
137,"hdg_2",0
137,"hdg_3",1
137,"hdg_4",0
137,"hdg_5",1
137,"hdg_6",0
137,"hdg_7",0
137,"hdg_8",1
137,"hdg_9",1
137,"hdg_10",0
138,"hdg_1",0
138,"hdg_2",1
138,"hdg_3",1
138,"hdg_4",1
138,"hdg_5",1
138,"hdg_6",1
138,"hdg_7",1
138,"hdg_8",1
138,"hdg_9",1
138,"hdg_10",1
139,"hdg_1",1
139,"hdg_2",0
139,"hdg_3",0
139,"hdg_4",1
139,"hdg_5",1
139,"hdg_6",0
139,"hdg_7",0
139,"hdg_8",1
139,"hdg_9",0
139,"hdg_10",0
140,"hdg_1",1
140,"hdg_2",1
140,"hdg_3",1
140,"hdg_4",1
140,"hdg_5",1
140,"hdg_6",0
140,"hdg_7",1
140,"hdg_8",0
140,"hdg_9",1
140,"hdg_10",0
141,"hdg_1",0
141,"hdg_2",1
141,"hdg_3",1
141,"hdg_4",1
141,"hdg_5",1
141,"hdg_6",0
141,"hdg_7",1
141,"hdg_8",1
141,"hdg_9",0
141,"hdg_10",0
142,"hdg_1",1
142,"hdg_2",0
142,"hdg_3",0
142,"hdg_4",0
142,"hdg_5",1
142,"hdg_6",0
142,"hdg_7",1
142,"hdg_8",0
142,"hdg_9",0
142,"hdg_10",1
143,"hdg_1",0
143,"hdg_2",0
143,"hdg_3",1
143,"hdg_4",1
143,"hdg_5",1
143,"hdg_6",0
143,"hdg_7",1
143,"hdg_8",0
143,"hdg_9",1
143,"hdg_10",1
144,"hdg_1",0
144,"hdg_2",1
144,"hdg_3",1
144,"hdg_4",0
144,"hdg_5",1
144,"hdg_6",0
144,"hdg_7",1
144,"hdg_8",1
144,"hdg_9",1
144,"hdg_10",0
145,"hdg_1",0
145,"hdg_2",0
145,"hdg_3",0
145,"hdg_4",1
145,"hdg_5",1
145,"hdg_6",0
145,"hdg_7",1
145,"hdg_8",1
145,"hdg_9",1
145,"hdg_10",1
146,"hdg_1",1
146,"hdg_2",1
146,"hdg_3",1
146,"hdg_4",1
146,"hdg_5",1
146,"hdg_6",1
146,"hdg_7",1
146,"hdg_8",1
146,"hdg_9",1
146,"hdg_10",1
147,"hdg_1",0
147,"hdg_2",0
147,"hdg_3",1
147,"hdg_4",0
147,"hdg_5",0
147,"hdg_6",0
147,"hdg_7",1
147,"hdg_8",1
147,"hdg_9",0
147,"hdg_10",1
1,"mp_1",0
1,"mp_2",1
1,"mp_3",0
1,"mp_4",1
1,"mp_5",1
1,"mp_6",0
1,"mp_7",0
1,"mp_8",0
1,"mp_9",0
1,"mp_10",1
2,"mp_1",1
2,"mp_2",1
2,"mp_3",1
2,"mp_4",1
2,"mp_5",1
2,"mp_6",1
2,"mp_7",1
2,"mp_8",1
2,"mp_9",1
2,"mp_10",1
3,"mp_1",1
3,"mp_2",1
3,"mp_3",1
3,"mp_4",1
3,"mp_5",1
3,"mp_6",1
3,"mp_7",0
3,"mp_8",0
3,"mp_9",0
3,"mp_10",0
4,"mp_1",1
4,"mp_2",0
4,"mp_3",1
4,"mp_4",0
4,"mp_5",0
4,"mp_6",0
4,"mp_7",1
4,"mp_8",0
4,"mp_9",0
4,"mp_10",0
5,"mp_1",1
5,"mp_2",1
5,"mp_3",1
5,"mp_4",1
5,"mp_5",1
5,"mp_6",1
5,"mp_7",1
5,"mp_8",1
5,"mp_9",1
5,"mp_10",1
6,"mp_1",0
6,"mp_2",1
6,"mp_3",1
6,"mp_4",1
6,"mp_5",1
6,"mp_6",1
6,"mp_7",0
6,"mp_8",0
6,"mp_9",0
6,"mp_10",0
7,"mp_1",1
7,"mp_2",1
7,"mp_3",1
7,"mp_4",1
7,"mp_5",1
7,"mp_6",1
7,"mp_7",1
7,"mp_8",1
7,"mp_9",1
7,"mp_10",1
8,"mp_1",1
8,"mp_2",0
8,"mp_3",0
8,"mp_4",0
8,"mp_5",0
8,"mp_6",0
8,"mp_7",0
8,"mp_8",0
8,"mp_9",0
8,"mp_10",0
9,"mp_1",1
9,"mp_2",0
9,"mp_3",0
9,"mp_4",1
9,"mp_5",1
9,"mp_6",0
9,"mp_7",0
9,"mp_8",0
9,"mp_9",0
9,"mp_10",0
10,"mp_1",0
10,"mp_2",0
10,"mp_3",1
10,"mp_4",1
10,"mp_5",1
10,"mp_6",1
10,"mp_7",0
10,"mp_8",1
10,"mp_9",0
10,"mp_10",0
11,"mp_1",1
11,"mp_2",1
11,"mp_3",1
11,"mp_4",1
11,"mp_5",1
11,"mp_6",0
11,"mp_7",0
11,"mp_8",1
11,"mp_9",0
11,"mp_10",0
12,"mp_1",1
12,"mp_2",1
12,"mp_3",1
12,"mp_4",0
12,"mp_5",1
12,"mp_6",1
12,"mp_7",1
12,"mp_8",0
12,"mp_9",0
12,"mp_10",0
13,"mp_1",0
13,"mp_2",1
13,"mp_3",1
13,"mp_4",0
13,"mp_5",0
13,"mp_6",0
13,"mp_7",0
13,"mp_8",0
13,"mp_9",0
13,"mp_10",0
14,"mp_1",1
14,"mp_2",1
14,"mp_3",1
14,"mp_4",1
14,"mp_5",1
14,"mp_6",1
14,"mp_7",1
14,"mp_8",1
14,"mp_9",1
14,"mp_10",1
15,"mp_1",0
15,"mp_2",0
15,"mp_3",0
15,"mp_4",0
15,"mp_5",0
15,"mp_6",1
15,"mp_7",0
15,"mp_8",1
15,"mp_9",1
15,"mp_10",0
16,"mp_1",1
16,"mp_2",1
16,"mp_3",1
16,"mp_4",1
16,"mp_5",1
16,"mp_6",0
16,"mp_7",1
16,"mp_8",1
16,"mp_9",1
16,"mp_10",1
17,"mp_1",1
17,"mp_2",1
17,"mp_3",1
17,"mp_4",1
17,"mp_5",1
17,"mp_6",0
17,"mp_7",0
17,"mp_8",0
17,"mp_9",0
17,"mp_10",0
18,"mp_1",0
18,"mp_2",1
18,"mp_3",1
18,"mp_4",1
18,"mp_5",1
18,"mp_6",0
18,"mp_7",0
18,"mp_8",0
18,"mp_9",1
18,"mp_10",1
19,"mp_1",1
19,"mp_2",1
19,"mp_3",1
19,"mp_4",1
19,"mp_5",1
19,"mp_6",0
19,"mp_7",0
19,"mp_8",0
19,"mp_9",0
19,"mp_10",0
20,"mp_1",1
20,"mp_2",1
20,"mp_3",1
20,"mp_4",1
20,"mp_5",1
20,"mp_6",1
20,"mp_7",1
20,"mp_8",1
20,"mp_9",1
20,"mp_10",1
21,"mp_1",0
21,"mp_2",1
21,"mp_3",1
21,"mp_4",0
21,"mp_5",1
21,"mp_6",1
21,"mp_7",0
21,"mp_8",0
21,"mp_9",0
21,"mp_10",0
22,"mp_1",0
22,"mp_2",1
22,"mp_3",1
22,"mp_4",0
22,"mp_5",1
22,"mp_6",0
22,"mp_7",0
22,"mp_8",0
22,"mp_9",0
22,"mp_10",0
23,"mp_1",0
23,"mp_2",1
23,"mp_3",1
23,"mp_4",0
23,"mp_5",1
23,"mp_6",1
23,"mp_7",0
23,"mp_8",0
23,"mp_9",0
23,"mp_10",0
24,"mp_1",1
24,"mp_2",0
24,"mp_3",1
24,"mp_4",1
24,"mp_5",0
24,"mp_6",1
24,"mp_7",0
24,"mp_8",0
24,"mp_9",1
24,"mp_10",1
25,"mp_1",0
25,"mp_2",0
25,"mp_3",0
25,"mp_4",0
25,"mp_5",1
25,"mp_6",0
25,"mp_7",0
25,"mp_8",0
25,"mp_9",0
25,"mp_10",0
26,"mp_1",0
26,"mp_2",1
26,"mp_3",1
26,"mp_4",1
26,"mp_5",1
26,"mp_6",0
26,"mp_7",1
26,"mp_8",1
26,"mp_9",0
26,"mp_10",1
27,"mp_1",0
27,"mp_2",1
27,"mp_3",1
27,"mp_4",1
27,"mp_5",1
27,"mp_6",0
27,"mp_7",0
27,"mp_8",0
27,"mp_9",1
27,"mp_10",1
28,"mp_1",0
28,"mp_2",0
28,"mp_3",1
28,"mp_4",1
28,"mp_5",0
28,"mp_6",1
28,"mp_7",1
28,"mp_8",1
28,"mp_9",0
28,"mp_10",0
29,"mp_1",1
29,"mp_2",1
29,"mp_3",1
29,"mp_4",1
29,"mp_5",1
29,"mp_6",1
29,"mp_7",1
29,"mp_8",0
29,"mp_9",0
29,"mp_10",0
30,"mp_1",0
30,"mp_2",1
30,"mp_3",1
30,"mp_4",1
30,"mp_5",1
30,"mp_6",1
30,"mp_7",0
30,"mp_8",0
30,"mp_9",0
30,"mp_10",0
31,"mp_1",1
31,"mp_2",1
31,"mp_3",1
31,"mp_4",1
31,"mp_5",1
31,"mp_6",1
31,"mp_7",0
31,"mp_8",0
31,"mp_9",0
31,"mp_10",0
32,"mp_1",1
32,"mp_2",1
32,"mp_3",1
32,"mp_4",1
32,"mp_5",1
32,"mp_6",0
32,"mp_7",0
32,"mp_8",0
32,"mp_9",0
32,"mp_10",0
33,"mp_1",1
33,"mp_2",0
33,"mp_3",1
33,"mp_4",1
33,"mp_5",1
33,"mp_6",0
33,"mp_7",1
33,"mp_8",1
33,"mp_9",1
33,"mp_10",1
34,"mp_1",0
34,"mp_2",0
34,"mp_3",1
34,"mp_4",0
34,"mp_5",0
34,"mp_6",1
34,"mp_7",0
34,"mp_8",0
34,"mp_9",0
34,"mp_10",0
35,"mp_1",1
35,"mp_2",0
35,"mp_3",1
35,"mp_4",1
35,"mp_5",1
35,"mp_6",0
35,"mp_7",0
35,"mp_8",0
35,"mp_9",0
35,"mp_10",0
36,"mp_1",1
36,"mp_2",1
36,"mp_3",1
36,"mp_4",1
36,"mp_5",1
36,"mp_6",1
36,"mp_7",0
36,"mp_8",0
36,"mp_9",0
36,"mp_10",0
37,"mp_1",1
37,"mp_2",1
37,"mp_3",1
37,"mp_4",1
37,"mp_5",1
37,"mp_6",1
37,"mp_7",1
37,"mp_8",1
37,"mp_9",1
37,"mp_10",1
38,"mp_1",1
38,"mp_2",0
38,"mp_3",1
38,"mp_4",1
38,"mp_5",1
38,"mp_6",0
38,"mp_7",1
38,"mp_8",1
38,"mp_9",0
38,"mp_10",0
39,"mp_1",1
39,"mp_2",1
39,"mp_3",0
39,"mp_4",0
39,"mp_5",1
39,"mp_6",0
39,"mp_7",0
39,"mp_8",0
39,"mp_9",0
39,"mp_10",0
40,"mp_1",0
40,"mp_2",1
40,"mp_3",1
40,"mp_4",1
40,"mp_5",1
40,"mp_6",0
40,"mp_7",0
40,"mp_8",0
40,"mp_9",0
40,"mp_10",0
41,"mp_1",1
41,"mp_2",0
41,"mp_3",0
41,"mp_4",0
41,"mp_5",0
41,"mp_6",1
41,"mp_7",0
41,"mp_8",1
41,"mp_9",0
41,"mp_10",0
42,"mp_1",1
42,"mp_2",1
42,"mp_3",1
42,"mp_4",0
42,"mp_5",0
42,"mp_6",1
42,"mp_7",0
42,"mp_8",0
42,"mp_9",0
42,"mp_10",0
43,"mp_1",1
43,"mp_2",1
43,"mp_3",1
43,"mp_4",0
43,"mp_5",1
43,"mp_6",0
43,"mp_7",1
43,"mp_8",1
43,"mp_9",0
43,"mp_10",0
44,"mp_1",0
44,"mp_2",1
44,"mp_3",1
44,"mp_4",1
44,"mp_5",1
44,"mp_6",0
44,"mp_7",0
44,"mp_8",0
44,"mp_9",0
44,"mp_10",0
45,"mp_1",0
45,"mp_2",0
45,"mp_3",0
45,"mp_4",1
45,"mp_5",1
45,"mp_6",0
45,"mp_7",1
45,"mp_8",0
45,"mp_9",1
45,"mp_10",0
46,"mp_1",1
46,"mp_2",0
46,"mp_3",0
46,"mp_4",0
46,"mp_5",0
46,"mp_6",0
46,"mp_7",0
46,"mp_8",0
46,"mp_9",0
46,"mp_10",0
47,"mp_1",0
47,"mp_2",1
47,"mp_3",1
47,"mp_4",1
47,"mp_5",1
47,"mp_6",1
47,"mp_7",0
47,"mp_8",0
47,"mp_9",0
47,"mp_10",0
48,"mp_1",1
48,"mp_2",0
48,"mp_3",0
48,"mp_4",1
48,"mp_5",1
48,"mp_6",1
48,"mp_7",0
48,"mp_8",1
48,"mp_9",0
48,"mp_10",0
49,"mp_1",1
49,"mp_2",1
49,"mp_3",1
49,"mp_4",1
49,"mp_5",1
49,"mp_6",1
49,"mp_7",0
49,"mp_8",1
49,"mp_9",1
49,"mp_10",1
50,"mp_1",1
50,"mp_2",1
50,"mp_3",1
50,"mp_4",1
50,"mp_5",1
50,"mp_6",1
50,"mp_7",1
50,"mp_8",1
50,"mp_9",1
50,"mp_10",1
51,"mp_1",1
51,"mp_2",0
51,"mp_3",1
51,"mp_4",1
51,"mp_5",1
51,"mp_6",0
51,"mp_7",0
51,"mp_8",1
51,"mp_9",0
51,"mp_10",0
52,"mp_1",1
52,"mp_2",1
52,"mp_3",1
52,"mp_4",1
52,"mp_5",1
52,"mp_6",0
52,"mp_7",1
52,"mp_8",1
52,"mp_9",0
52,"mp_10",0
53,"mp_1",0
53,"mp_2",0
53,"mp_3",0
53,"mp_4",0
53,"mp_5",0
53,"mp_6",0
53,"mp_7",1
53,"mp_8",0
53,"mp_9",1
53,"mp_10",0
54,"mp_1",1
54,"mp_2",0
54,"mp_3",1
54,"mp_4",1
54,"mp_5",1
54,"mp_6",0
54,"mp_7",0
54,"mp_8",0
54,"mp_9",0
54,"mp_10",0
55,"mp_1",1
55,"mp_2",1
55,"mp_3",1
55,"mp_4",0
55,"mp_5",1
55,"mp_6",0
55,"mp_7",0
55,"mp_8",0
55,"mp_9",0
55,"mp_10",0
56,"mp_1",0
56,"mp_2",0
56,"mp_3",0
56,"mp_4",0
56,"mp_5",0
56,"mp_6",0
56,"mp_7",0
56,"mp_8",0
56,"mp_9",0
56,"mp_10",1
57,"mp_1",1
57,"mp_2",1
57,"mp_3",1
57,"mp_4",1
57,"mp_5",1
57,"mp_6",0
57,"mp_7",0
57,"mp_8",1
57,"mp_9",0
57,"mp_10",0
58,"mp_1",1
58,"mp_2",1
58,"mp_3",1
58,"mp_4",1
58,"mp_5",1
58,"mp_6",0
58,"mp_7",0
58,"mp_8",0
58,"mp_9",1
58,"mp_10",1
59,"mp_1",0
59,"mp_2",0
59,"mp_3",1
59,"mp_4",1
59,"mp_5",1
59,"mp_6",1
59,"mp_7",0
59,"mp_8",1
59,"mp_9",1
59,"mp_10",1
60,"mp_1",1
60,"mp_2",0
60,"mp_3",0
60,"mp_4",1
60,"mp_5",1
60,"mp_6",1
60,"mp_7",0
60,"mp_8",0
60,"mp_9",0
60,"mp_10",0
61,"mp_1",1
61,"mp_2",1
61,"mp_3",0
61,"mp_4",0
61,"mp_5",1
61,"mp_6",1
61,"mp_7",1
61,"mp_8",0
61,"mp_9",0
61,"mp_10",0
62,"mp_1",0
62,"mp_2",1
62,"mp_3",1
62,"mp_4",1
62,"mp_5",1
62,"mp_6",1
62,"mp_7",0
62,"mp_8",0
62,"mp_9",1
62,"mp_10",0
63,"mp_1",0
63,"mp_2",1
63,"mp_3",1
63,"mp_4",1
63,"mp_5",1
63,"mp_6",0
63,"mp_7",0
63,"mp_8",0
63,"mp_9",1
63,"mp_10",0
64,"mp_1",0
64,"mp_2",0
64,"mp_3",1
64,"mp_4",1
64,"mp_5",1
64,"mp_6",1
64,"mp_7",0
64,"mp_8",0
64,"mp_9",0
64,"mp_10",1
65,"mp_1",1
65,"mp_2",1
65,"mp_3",1
65,"mp_4",1
65,"mp_5",1
65,"mp_6",0
65,"mp_7",0
65,"mp_8",0
65,"mp_9",0
65,"mp_10",0
66,"mp_1",1
66,"mp_2",1
66,"mp_3",1
66,"mp_4",0
66,"mp_5",0
66,"mp_6",1
66,"mp_7",0
66,"mp_8",1
66,"mp_9",0
66,"mp_10",0
67,"mp_1",0
67,"mp_2",1
67,"mp_3",0
67,"mp_4",1
67,"mp_5",1
67,"mp_6",1
67,"mp_7",0
67,"mp_8",0
67,"mp_9",0
67,"mp_10",0
68,"mp_1",1
68,"mp_2",1
68,"mp_3",1
68,"mp_4",1
68,"mp_5",1
68,"mp_6",1
68,"mp_7",1
68,"mp_8",1
68,"mp_9",1
68,"mp_10",1
69,"mp_1",1
69,"mp_2",1
69,"mp_3",1
69,"mp_4",1
69,"mp_5",1
69,"mp_6",1
69,"mp_7",0
69,"mp_8",0
69,"mp_9",0
69,"mp_10",1
70,"mp_1",0
70,"mp_2",1
70,"mp_3",1
70,"mp_4",1
70,"mp_5",1
70,"mp_6",1
70,"mp_7",0
70,"mp_8",0
70,"mp_9",0
70,"mp_10",0
71,"mp_1",1
71,"mp_2",1
71,"mp_3",0
71,"mp_4",1
71,"mp_5",1
71,"mp_6",1
71,"mp_7",0
71,"mp_8",0
71,"mp_9",0
71,"mp_10",0
72,"mp_1",1
72,"mp_2",1
72,"mp_3",0
72,"mp_4",0
72,"mp_5",1
72,"mp_6",0
72,"mp_7",0
72,"mp_8",1
72,"mp_9",0
72,"mp_10",1
73,"mp_1",1
73,"mp_2",0
73,"mp_3",1
73,"mp_4",1
73,"mp_5",1
73,"mp_6",1
73,"mp_7",1
73,"mp_8",0
73,"mp_9",0
73,"mp_10",1
74,"mp_1",0
74,"mp_2",1
74,"mp_3",1
74,"mp_4",0
74,"mp_5",1
74,"mp_6",0
74,"mp_7",0
74,"mp_8",1
74,"mp_9",1
74,"mp_10",0
75,"mp_1",1
75,"mp_2",1
75,"mp_3",1
75,"mp_4",1
75,"mp_5",1
75,"mp_6",1
75,"mp_7",1
75,"mp_8",1
75,"mp_9",0
75,"mp_10",1
76,"mp_1",1
76,"mp_2",1
76,"mp_3",1
76,"mp_4",1
76,"mp_5",1
76,"mp_6",1
76,"mp_7",0
76,"mp_8",1
76,"mp_9",1
76,"mp_10",1
77,"mp_1",1
77,"mp_2",1
77,"mp_3",1
77,"mp_4",1
77,"mp_5",0
77,"mp_6",0
77,"mp_7",0
77,"mp_8",0
77,"mp_9",0
77,"mp_10",1
78,"mp_1",1
78,"mp_2",1
78,"mp_3",0
78,"mp_4",0
78,"mp_5",0
78,"mp_6",1
78,"mp_7",0
78,"mp_8",0
78,"mp_9",1
78,"mp_10",0
79,"mp_1",0
79,"mp_2",0
79,"mp_3",1
79,"mp_4",0
79,"mp_5",1
79,"mp_6",0
79,"mp_7",1
79,"mp_8",1
79,"mp_9",1
79,"mp_10",1
80,"mp_1",1
80,"mp_2",0
80,"mp_3",1
80,"mp_4",1
80,"mp_5",1
80,"mp_6",0
80,"mp_7",1
80,"mp_8",1
80,"mp_9",0
80,"mp_10",0
81,"mp_1",1
81,"mp_2",1
81,"mp_3",1
81,"mp_4",1
81,"mp_5",1
81,"mp_6",1
81,"mp_7",0
81,"mp_8",0
81,"mp_9",0
81,"mp_10",0
82,"mp_1",0
82,"mp_2",1
82,"mp_3",1
82,"mp_4",1
82,"mp_5",0
82,"mp_6",1
82,"mp_7",0
82,"mp_8",0
82,"mp_9",0
82,"mp_10",0
83,"mp_1",1
83,"mp_2",1
83,"mp_3",1
83,"mp_4",1
83,"mp_5",1
83,"mp_6",1
83,"mp_7",1
83,"mp_8",0
83,"mp_9",0
83,"mp_10",0
84,"mp_1",1
84,"mp_2",0
84,"mp_3",0
84,"mp_4",1
84,"mp_5",1
84,"mp_6",0
84,"mp_7",1
84,"mp_8",0
84,"mp_9",0
84,"mp_10",0
85,"mp_1",1
85,"mp_2",1
85,"mp_3",1
85,"mp_4",1
85,"mp_5",1
85,"mp_6",0
85,"mp_7",0
85,"mp_8",1
85,"mp_9",0
85,"mp_10",0
86,"mp_1",0
86,"mp_2",1
86,"mp_3",1
86,"mp_4",1
86,"mp_5",1
86,"mp_6",0
86,"mp_7",0
86,"mp_8",0
86,"mp_9",0
86,"mp_10",0
87,"mp_1",1
87,"mp_2",1
87,"mp_3",1
87,"mp_4",1
87,"mp_5",1
87,"mp_6",0
87,"mp_7",0
87,"mp_8",0
87,"mp_9",1
87,"mp_10",0
88,"mp_1",1
88,"mp_2",0
88,"mp_3",0
88,"mp_4",1
88,"mp_5",0
88,"mp_6",1
88,"mp_7",1
88,"mp_8",0
88,"mp_9",0
88,"mp_10",0
89,"mp_1",0
89,"mp_2",0
89,"mp_3",1
89,"mp_4",1
89,"mp_5",1
89,"mp_6",1
89,"mp_7",0
89,"mp_8",0
89,"mp_9",0
89,"mp_10",1
90,"mp_1",1
90,"mp_2",0
90,"mp_3",1
90,"mp_4",1
90,"mp_5",1
90,"mp_6",0
90,"mp_7",0
90,"mp_8",0
90,"mp_9",0
90,"mp_10",1
91,"mp_1",0
91,"mp_2",1
91,"mp_3",0
91,"mp_4",1
91,"mp_5",1
91,"mp_6",0
91,"mp_7",1
91,"mp_8",0
91,"mp_9",0
91,"mp_10",0
92,"mp_1",0
92,"mp_2",0
92,"mp_3",1
92,"mp_4",1
92,"mp_5",1
92,"mp_6",1
92,"mp_7",1
92,"mp_8",0
92,"mp_9",0
92,"mp_10",0
93,"mp_1",0
93,"mp_2",0
93,"mp_3",1
93,"mp_4",1
93,"mp_5",1
93,"mp_6",1
93,"mp_7",1
93,"mp_8",1
93,"mp_9",0
93,"mp_10",0
94,"mp_1",1
94,"mp_2",0
94,"mp_3",0
94,"mp_4",0
94,"mp_5",1
94,"mp_6",1
94,"mp_7",0
94,"mp_8",1
94,"mp_9",0
94,"mp_10",0
95,"mp_1",0
95,"mp_2",1
95,"mp_3",1
95,"mp_4",1
95,"mp_5",1
95,"mp_6",0
95,"mp_7",0
95,"mp_8",1
95,"mp_9",0
95,"mp_10",0
96,"mp_1",0
96,"mp_2",0
96,"mp_3",1
96,"mp_4",1
96,"mp_5",1
96,"mp_6",0
96,"mp_7",0
96,"mp_8",0
96,"mp_9",0
96,"mp_10",0
97,"mp_1",0
97,"mp_2",0
97,"mp_3",0
97,"mp_4",1
97,"mp_5",1
97,"mp_6",0
97,"mp_7",0
97,"mp_8",0
97,"mp_9",0
97,"mp_10",0
98,"mp_1",1
98,"mp_2",0
98,"mp_3",0
98,"mp_4",1
98,"mp_5",0
98,"mp_6",1
98,"mp_7",0
98,"mp_8",0
98,"mp_9",0
98,"mp_10",0
99,"mp_1",0
99,"mp_2",1
99,"mp_3",1
99,"mp_4",0
99,"mp_5",0
99,"mp_6",1
99,"mp_7",0
99,"mp_8",1
99,"mp_9",0
99,"mp_10",1
100,"mp_1",0
100,"mp_2",0
100,"mp_3",1
100,"mp_4",0
100,"mp_5",1
100,"mp_6",0
100,"mp_7",0
100,"mp_8",0
100,"mp_9",0
100,"mp_10",0
101,"mp_1",0
101,"mp_2",0
101,"mp_3",1
101,"mp_4",0
101,"mp_5",1
101,"mp_6",1
101,"mp_7",0
101,"mp_8",1
101,"mp_9",1
101,"mp_10",1
102,"mp_1",1
102,"mp_2",1
102,"mp_3",1
102,"mp_4",0
102,"mp_5",1
102,"mp_6",0
102,"mp_7",0
102,"mp_8",1
102,"mp_9",0
102,"mp_10",0
103,"mp_1",1
103,"mp_2",0
103,"mp_3",1
103,"mp_4",1
103,"mp_5",0
103,"mp_6",1
103,"mp_7",0
103,"mp_8",0
103,"mp_9",0
103,"mp_10",0
104,"mp_1",0
104,"mp_2",1
104,"mp_3",1
104,"mp_4",1
104,"mp_5",1
104,"mp_6",0
104,"mp_7",0
104,"mp_8",0
104,"mp_9",0
104,"mp_10",0
105,"mp_1",1
105,"mp_2",1
105,"mp_3",0
105,"mp_4",1
105,"mp_5",1
105,"mp_6",1
105,"mp_7",0
105,"mp_8",0
105,"mp_9",0
105,"mp_10",0
106,"mp_1",0
106,"mp_2",1
106,"mp_3",0
106,"mp_4",1
106,"mp_5",0
106,"mp_6",1
106,"mp_7",1
106,"mp_8",0
106,"mp_9",1
106,"mp_10",1
107,"mp_1",1
107,"mp_2",1
107,"mp_3",1
107,"mp_4",1
107,"mp_5",1
107,"mp_6",0
107,"mp_7",0
107,"mp_8",0
107,"mp_9",1
107,"mp_10",1
108,"mp_1",1
108,"mp_2",1
108,"mp_3",1
108,"mp_4",1
108,"mp_5",1
108,"mp_6",1
108,"mp_7",0
108,"mp_8",0
108,"mp_9",0
108,"mp_10",0
109,"mp_1",0
109,"mp_2",0
109,"mp_3",0
109,"mp_4",0
109,"mp_5",1
109,"mp_6",1
109,"mp_7",0
109,"mp_8",0
109,"mp_9",0
109,"mp_10",0
110,"mp_1",1
110,"mp_2",1
110,"mp_3",1
110,"mp_4",1
110,"mp_5",1
110,"mp_6",0
110,"mp_7",0
110,"mp_8",1
110,"mp_9",0
110,"mp_10",0
111,"mp_1",1
111,"mp_2",0
111,"mp_3",0
111,"mp_4",1
111,"mp_5",1
111,"mp_6",0
111,"mp_7",0
111,"mp_8",0
111,"mp_9",0
111,"mp_10",0
112,"mp_1",1
112,"mp_2",1
112,"mp_3",1
112,"mp_4",1
112,"mp_5",1
112,"mp_6",0
112,"mp_7",0
112,"mp_8",1
112,"mp_9",0
112,"mp_10",0
113,"mp_1",1
113,"mp_2",1
113,"mp_3",1
113,"mp_4",1
113,"mp_5",1
113,"mp_6",1
113,"mp_7",0
113,"mp_8",1
113,"mp_9",0
113,"mp_10",0
114,"mp_1",1
114,"mp_2",1
114,"mp_3",1
114,"mp_4",1
114,"mp_5",1
114,"mp_6",0
114,"mp_7",0
114,"mp_8",0
114,"mp_9",0
114,"mp_10",0
115,"mp_1",1
115,"mp_2",1
115,"mp_3",1
115,"mp_4",1
115,"mp_5",1
115,"mp_6",1
115,"mp_7",1
115,"mp_8",1
115,"mp_9",1
115,"mp_10",1
116,"mp_1",1
116,"mp_2",0
116,"mp_3",1
116,"mp_4",1
116,"mp_5",0
116,"mp_6",1
116,"mp_7",0
116,"mp_8",0
116,"mp_9",0
116,"mp_10",0
117,"mp_1",1
117,"mp_2",1
117,"mp_3",1
117,"mp_4",1
117,"mp_5",1
117,"mp_6",1
117,"mp_7",0
117,"mp_8",0
117,"mp_9",1
117,"mp_10",0
118,"mp_1",1
118,"mp_2",1
118,"mp_3",1
118,"mp_4",1
118,"mp_5",1
118,"mp_6",1
118,"mp_7",1
118,"mp_8",1
118,"mp_9",0
118,"mp_10",0
119,"mp_1",0
119,"mp_2",0
119,"mp_3",0
119,"mp_4",1
119,"mp_5",1
119,"mp_6",1
119,"mp_7",0
119,"mp_8",0
119,"mp_9",0
119,"mp_10",0
120,"mp_1",1
120,"mp_2",1
120,"mp_3",1
120,"mp_4",1
120,"mp_5",1
120,"mp_6",1
120,"mp_7",1
120,"mp_8",1
120,"mp_9",0
120,"mp_10",0
121,"mp_1",1
121,"mp_2",0
121,"mp_3",1
121,"mp_4",1
121,"mp_5",1
121,"mp_6",1
121,"mp_7",0
121,"mp_8",0
121,"mp_9",0
121,"mp_10",0
122,"mp_1",0
122,"mp_2",0
122,"mp_3",0
122,"mp_4",1
122,"mp_5",1
122,"mp_6",0
122,"mp_7",0
122,"mp_8",0
122,"mp_9",0
122,"mp_10",0
123,"mp_1",1
123,"mp_2",1
123,"mp_3",1
123,"mp_4",1
123,"mp_5",1
123,"mp_6",1
123,"mp_7",0
123,"mp_8",0
123,"mp_9",0
123,"mp_10",0
124,"mp_1",0
124,"mp_2",0
124,"mp_3",0
124,"mp_4",1
124,"mp_5",1
124,"mp_6",0
124,"mp_7",0
124,"mp_8",1
124,"mp_9",0
124,"mp_10",0
125,"mp_1",1
125,"mp_2",1
125,"mp_3",1
125,"mp_4",1
125,"mp_5",1
125,"mp_6",0
125,"mp_7",0
125,"mp_8",0
125,"mp_9",0
125,"mp_10",0
126,"mp_1",1
126,"mp_2",1
126,"mp_3",1
126,"mp_4",0
126,"mp_5",1
126,"mp_6",1
126,"mp_7",0
126,"mp_8",0
126,"mp_9",0
126,"mp_10",0
127,"mp_1",1
127,"mp_2",1
127,"mp_3",1
127,"mp_4",1
127,"mp_5",1
127,"mp_6",1
127,"mp_7",1
127,"mp_8",1
127,"mp_9",1
127,"mp_10",0
128,"mp_1",1
128,"mp_2",1
128,"mp_3",0
128,"mp_4",1
128,"mp_5",1
128,"mp_6",0
128,"mp_7",0
128,"mp_8",0
128,"mp_9",0
128,"mp_10",0
129,"mp_1",0
129,"mp_2",1
129,"mp_3",1
129,"mp_4",1
129,"mp_5",1
129,"mp_6",0
129,"mp_7",0
129,"mp_8",0
129,"mp_9",0
129,"mp_10",0
130,"mp_1",0
130,"mp_2",1
130,"mp_3",1
130,"mp_4",1
130,"mp_5",1
130,"mp_6",0
130,"mp_7",0
130,"mp_8",0
130,"mp_9",1
130,"mp_10",0
131,"mp_1",0
131,"mp_2",0
131,"mp_3",0
131,"mp_4",0
131,"mp_5",0
131,"mp_6",0
131,"mp_7",1
131,"mp_8",0
131,"mp_9",0
131,"mp_10",0
132,"mp_1",0
132,"mp_2",1
132,"mp_3",1
132,"mp_4",0
132,"mp_5",1
132,"mp_6",1
132,"mp_7",1
132,"mp_8",0
132,"mp_9",1
132,"mp_10",0
133,"mp_1",1
133,"mp_2",1
133,"mp_3",1
133,"mp_4",1
133,"mp_5",1
133,"mp_6",0
133,"mp_7",0
133,"mp_8",0
133,"mp_9",0
133,"mp_10",0
134,"mp_1",1
134,"mp_2",1
134,"mp_3",1
134,"mp_4",1
134,"mp_5",1
134,"mp_6",1
134,"mp_7",0
134,"mp_8",0
134,"mp_9",0
134,"mp_10",0
135,"mp_1",1
135,"mp_2",1
135,"mp_3",1
135,"mp_4",1
135,"mp_5",1
135,"mp_6",0
135,"mp_7",1
135,"mp_8",1
135,"mp_9",1
135,"mp_10",1
136,"mp_1",0
136,"mp_2",1
136,"mp_3",1
136,"mp_4",1
136,"mp_5",1
136,"mp_6",1
136,"mp_7",1
136,"mp_8",0
136,"mp_9",0
136,"mp_10",0
137,"mp_1",0
137,"mp_2",0
137,"mp_3",1
137,"mp_4",1
137,"mp_5",1
137,"mp_6",0
137,"mp_7",0
137,"mp_8",1
137,"mp_9",0
137,"mp_10",0
138,"mp_1",1
138,"mp_2",1
138,"mp_3",1
138,"mp_4",1
138,"mp_5",1
138,"mp_6",0
138,"mp_7",1
138,"mp_8",0
138,"mp_9",0
138,"mp_10",0
139,"mp_1",1
139,"mp_2",0
139,"mp_3",0
139,"mp_4",0
139,"mp_5",1
139,"mp_6",1
139,"mp_7",1
139,"mp_8",1
139,"mp_9",0
139,"mp_10",0
140,"mp_1",1
140,"mp_2",1
140,"mp_3",1
140,"mp_4",1
140,"mp_5",1
140,"mp_6",0
140,"mp_7",1
140,"mp_8",0
140,"mp_9",0
140,"mp_10",0
141,"mp_1",0
141,"mp_2",1
141,"mp_3",1
141,"mp_4",1
141,"mp_5",1
141,"mp_6",1
141,"mp_7",0
141,"mp_8",0
141,"mp_9",0
141,"mp_10",0
142,"mp_1",1
142,"mp_2",1
142,"mp_3",0
142,"mp_4",0
142,"mp_5",0
142,"mp_6",1
142,"mp_7",0
142,"mp_8",0
142,"mp_9",0
142,"mp_10",0
143,"mp_1",1
143,"mp_2",1
143,"mp_3",1
143,"mp_4",1
143,"mp_5",1
143,"mp_6",0
143,"mp_7",1
143,"mp_8",1
143,"mp_9",1
143,"mp_10",1
144,"mp_1",1
144,"mp_2",1
144,"mp_3",1
144,"mp_4",1
144,"mp_5",1
144,"mp_6",1
144,"mp_7",1
144,"mp_8",1
144,"mp_9",1
144,"mp_10",1
145,"mp_1",1
145,"mp_2",1
145,"mp_3",1
145,"mp_4",1
145,"mp_5",1
145,"mp_6",1
145,"mp_7",1
145,"mp_8",1
145,"mp_9",1
145,"mp_10",1
146,"mp_1",1
146,"mp_2",1
146,"mp_3",1
146,"mp_4",1
146,"mp_5",1
146,"mp_6",1
146,"mp_7",1
146,"mp_8",1
146,"mp_9",1
146,"mp_10",1
147,"mp_1",1
147,"mp_2",1
147,"mp_3",1
147,"mp_4",1
147,"mp_5",1
147,"mp_6",0
147,"mp_7",1
147,"mp_8",0
147,"mp_9",0
147,"mp_10",1
